/****************************************************************************
** Resource object code
**
** Created by: The Resource Compiler for Qt version 6.10.1
**
** WARNING! All changes made in this file will be lost!
*****************************************************************************/

#ifdef _MSC_VER
// disable informational message "function ... selected for automatic inline expansion"
#pragma warning (disable: 4711)
#endif

static const unsigned char qt_resource_data[] = {
  // icon.rc
  0x0,0x0,0x2,0x62,
  0x23,
  0x69,0x6e,0x63,0x6c,0x75,0x64,0x65,0x20,0x22,0x77,0x69,0x6e,0x76,0x65,0x72,0x2e,
  0x68,0x22,0xd,0xa,0xd,0xa,0x49,0x44,0x49,0x5f,0x49,0x43,0x4f,0x4e,0x31,0x20,
  0x20,0x20,0x20,0x20,0x20,0x20,0x20,0x20,0x20,0x20,0x20,0x20,0x20,0x20,0x49,0x43,
  0x4f,0x4e,0x20,0x20,0x20,0x20,0x22,0x69,0x6d,0x61,0x67,0x65,0x73,0x2f,0x43,0x54,
  0x73,0x6f,0x66,0x74,0x77,0x61,0x72,0x65,0x2e,0x69,0x63,0x6f,0x22,0xd,0xa,0xd,
  0xa,0x56,0x53,0x5f,0x56,0x45,0x52,0x53,0x49,0x4f,0x4e,0x5f,0x49,0x4e,0x46,0x4f,
  0x20,0x56,0x45,0x52,0x53,0x49,0x4f,0x4e,0x49,0x4e,0x46,0x4f,0xd,0xa,0x46,0x49,
  0x4c,0x45,0x56,0x45,0x52,0x53,0x49,0x4f,0x4e,0x20,0x31,0x2c,0x30,0x2c,0x30,0x2c,
  0x31,0xd,0xa,0x50,0x52,0x4f,0x44,0x55,0x43,0x54,0x56,0x45,0x52,0x53,0x49,0x4f,
  0x4e,0x20,0x31,0x2c,0x30,0x2c,0x30,0x2c,0x31,0xd,0xa,0x46,0x49,0x4c,0x45,0x46,
  0x4c,0x41,0x47,0x53,0x20,0x30,0x78,0x30,0x4c,0xd,0xa,0x46,0x49,0x4c,0x45,0x46,
  0x4c,0x41,0x47,0x53,0x4d,0x41,0x53,0x4b,0x20,0x30,0x78,0x33,0x66,0x4c,0xd,0xa,
  0x46,0x49,0x4c,0x45,0x4f,0x53,0x20,0x30,0x78,0x30,0x30,0x30,0x34,0x30,0x30,0x30,
  0x34,0x4c,0xd,0xa,0x46,0x49,0x4c,0x45,0x54,0x59,0x50,0x45,0x20,0x30,0x78,0x31,
  0x4c,0xd,0xa,0x46,0x49,0x4c,0x45,0x53,0x55,0x42,0x54,0x59,0x50,0x45,0x20,0x30,
  0x78,0x30,0x4c,0xd,0xa,0x42,0x45,0x47,0x49,0x4e,0xd,0xa,0x42,0x4c,0x4f,0x43,
  0x4b,0x20,0x22,0x53,0x74,0x72,0x69,0x6e,0x67,0x46,0x69,0x6c,0x65,0x49,0x6e,0x66,
  0x6f,0x22,0xd,0xa,0x42,0x45,0x47,0x49,0x4e,0xd,0xa,0x42,0x4c,0x4f,0x43,0x4b,
  0x20,0x22,0x30,0x30,0x30,0x30,0x30,0x34,0x62,0x30,0x22,0xd,0xa,0x42,0x45,0x47,
  0x49,0x4e,0xd,0xa,0x56,0x41,0x4c,0x55,0x45,0x20,0x22,0x46,0x69,0x6c,0x65,0x44,
  0x65,0x73,0x63,0x72,0x69,0x70,0x74,0x69,0x6f,0x6e,0x22,0x2c,0x20,0x22,0x43,0x54,
  0x73,0x6f,0x66,0x74,0x77,0x61,0x72,0x65,0x22,0xd,0xa,0x56,0x41,0x4c,0x55,0x45,
  0x20,0x22,0x46,0x69,0x6c,0x65,0x56,0x65,0x72,0x73,0x69,0x6f,0x6e,0x22,0x2c,0x20,
  0x22,0x31,0x2e,0x30,0x2e,0x30,0x2e,0x31,0x22,0xd,0xa,0x56,0x41,0x4c,0x55,0x45,
  0x20,0x22,0x49,0x6e,0x74,0x65,0x72,0x6e,0x61,0x6c,0x4e,0x61,0x6d,0x65,0x22,0x2c,
  0x20,0x22,0x43,0x54,0x73,0x6f,0x66,0x74,0x77,0x61,0x72,0x65,0x22,0xd,0xa,0x56,
  0x41,0x4c,0x55,0x45,0x20,0x22,0x4f,0x72,0x69,0x67,0x69,0x6e,0x61,0x6c,0x46,0x69,
  0x6c,0x65,0x6e,0x61,0x6d,0x65,0x22,0x2c,0x20,0x22,0x43,0x54,0x73,0x6f,0x66,0x74,
  0x77,0x61,0x72,0x65,0x2e,0x65,0x78,0x65,0x22,0xd,0xa,0x56,0x41,0x4c,0x55,0x45,
  0x20,0x22,0x50,0x72,0x6f,0x64,0x75,0x63,0x74,0x4e,0x61,0x6d,0x65,0x22,0x2c,0x20,
  0x22,0x43,0x54,0x73,0x6f,0x66,0x74,0x77,0x61,0x72,0x65,0x22,0xd,0xa,0x56,0x41,
  0x4c,0x55,0x45,0x20,0x22,0x50,0x72,0x6f,0x64,0x75,0x63,0x74,0x56,0x65,0x72,0x73,
  0x69,0x6f,0x6e,0x22,0x2c,0x20,0x22,0x31,0x2e,0x30,0x2e,0x30,0x2e,0x31,0x22,0xd,
  0xa,0x45,0x4e,0x44,0xd,0xa,0x45,0x4e,0x44,0xd,0xa,0x42,0x4c,0x4f,0x43,0x4b,
  0x20,0x22,0x56,0x61,0x72,0x46,0x69,0x6c,0x65,0x49,0x6e,0x66,0x6f,0x22,0xd,0xa,
  0x42,0x45,0x47,0x49,0x4e,0xd,0xa,0x56,0x41,0x4c,0x55,0x45,0x20,0x22,0x54,0x72,
  0x61,0x6e,0x73,0x6c,0x61,0x74,0x69,0x6f,0x6e,0x22,0x2c,0x20,0x30,0x78,0x30,0x2c,
  0x20,0x31,0x32,0x30,0x30,0xd,0xa,0x45,0x4e,0x44,0xd,0xa,0x45,0x4e,0x44,0xd,
  0xa,
    // metacpan.ico
  0x0,0x0,0x53,0x6a,
  0x0,
  0x0,0x1,0x0,0x4,0x0,0x0,0x0,0x0,0x0,0x1,0x0,0x20,0x0,0x6c,0x18,0x0,
  0x0,0x46,0x0,0x0,0x0,0x30,0x30,0x0,0x0,0x1,0x0,0x20,0x0,0xa8,0x25,0x0,
  0x0,0xb2,0x18,0x0,0x0,0x20,0x20,0x0,0x0,0x1,0x0,0x20,0x0,0xa8,0x10,0x0,
  0x0,0x5a,0x3e,0x0,0x0,0x10,0x10,0x0,0x0,0x1,0x0,0x20,0x0,0x68,0x4,0x0,
  0x0,0x2,0x4f,0x0,0x0,0x89,0x50,0x4e,0x47,0xd,0xa,0x1a,0xa,0x0,0x0,0x0,
  0xd,0x49,0x48,0x44,0x52,0x0,0x0,0x1,0x0,0x0,0x0,0x1,0x0,0x8,0x6,0x0,
  0x0,0x0,0x5c,0x72,0xa8,0x66,0x0,0x0,0x18,0x33,0x49,0x44,0x41,0x54,0x78,0x9c,
  0xed,0xdd,0x7f,0xac,0x17,0xd5,0x99,0xc7,0xf1,0xf7,0x45,0x8a,0xd,0x8a,0xc4,0x6d,
  0xe5,0x97,0xb1,0xcd,0xc4,0x4e,0xcb,0xda,0x34,0xae,0x69,0xb0,0xd3,0xc4,0x8d,0xc1,
  0x22,0xed,0xda,0xca,0xc5,0x42,0x89,0x29,0xb6,0x26,0x35,0x71,0x6b,0x57,0xdb,0xd4,
  0x44,0x8c,0x75,0xc1,0x1f,0x58,0x8d,0x98,0xb0,0xe9,0xda,0xb5,0x5d,0x13,0x9a,0xb4,
  0xd5,0xa6,0x41,0x28,0x5c,0xac,0xb6,0x22,0x4a,0xc8,0x9a,0x30,0x5b,0xd2,0xb0,0xc6,
  0x2c,0x4b,0x7b,0x6a,0x26,0xad,0x91,0xb,0xd8,0x6a,0x10,0x24,0x15,0x91,0xbb,0x7f,
  0x9c,0x73,0x9b,0x2f,0x70,0x85,0xcb,0x65,0xce,0x79,0xce,0x99,0xf3,0xbc,0x12,0x72,
  0xfd,0xc7,0x99,0xcf,0xfc,0x78,0x9e,0xef,0x99,0xdf,0x7d,0x43,0x43,0x43,0x28,0xa5,
  0xf2,0x34,0x4e,0x3a,0x80,0x52,0x4a,0x8e,0x36,0x0,0xa5,0x32,0xa6,0xd,0x40,0xa9,
  0x8c,0x69,0x3,0x50,0x2a,0x63,0xda,0x0,0x94,0xca,0x98,0x36,0x0,0xa5,0x32,0xa6,
  0xd,0x40,0xa9,0x8c,0x69,0x3,0x50,0x2a,0x63,0xda,0x0,0x94,0xca,0x98,0x36,0x0,
  0xa5,0x32,0xa6,0xd,0x40,0xa9,0x8c,0x69,0x3,0x50,0x2a,0x63,0xda,0x0,0x94,0xca,
  0x98,0x36,0x0,0xa5,0x32,0xa6,0xd,0x40,0xa9,0x8c,0x69,0x3,0x50,0x2a,0x63,0xda,
  0x0,0x94,0xca,0x98,0x36,0x0,0xa5,0x32,0xa6,0xd,0x40,0xa9,0x8c,0x8d,0x97,0xe,
  0x20,0xc9,0x14,0xd5,0x64,0x60,0x3a,0x30,0xd,0x38,0x0,0xec,0x2,0xf6,0x94,0x4d,
  0xfd,0xae,0x68,0x30,0xe5,0x85,0x29,0xaa,0x33,0x80,0xa9,0xd8,0x6d,0x3e,0x9,0xd8,
  0xd,0xc,0x96,0x4d,0xbd,0x4f,0x34,0x98,0xa0,0xbe,0x2e,0xbf,0x14,0xd4,0x14,0xd5,
  0xd9,0xc0,0x1c,0xa0,0x4,0x66,0x60,0x37,0x7c,0xef,0xdf,0x89,0x23,0xfc,0x6f,0x47,
  0x80,0xbd,0xd8,0x66,0x30,0xe8,0xfe,0xee,0x2,0x5e,0x5,0xb6,0x94,0x4d,0xfd,0x7b,
  0xff,0xc9,0xd5,0x58,0x99,0xa2,0xfa,0x28,0x70,0x39,0x70,0x3e,0x47,0x6f,0xeb,0x19,
  0xc0,0x14,0x46,0x1e,0xf5,0x1e,0xe4,0xe8,0x6d,0x3d,0xfc,0xdf,0x6,0xd8,0x54,0x36,
  0xf5,0x1,0xff,0xc9,0x65,0x74,0xae,0x1,0x98,0xa2,0x9a,0x6,0x5c,0xd,0xf4,0x63,
  0x8b,0xff,0xcc,0x96,0x67,0xb1,0x13,0x58,0xef,0xfe,0xfd,0xa6,0x6c,0xea,0x6e,0xad,
  0xc0,0xc4,0x98,0xa2,0xea,0x3,0x2e,0x5,0xe6,0xbb,0x7f,0x33,0x5b,0x9e,0xc5,0xdb,
  0xc0,0x26,0x60,0x0,0x78,0xb2,0x6c,0xea,0xdd,0x2d,0x4f,0x5f,0x54,0x27,0x1a,0x80,
  0x29,0xaa,0x99,0xd8,0x82,0xef,0x7,0x2a,0xa0,0x2f,0xd0,0xac,0x7,0x81,0xd,0xd8,
  0x66,0xf0,0x7c,0xd9,0xd4,0x87,0x2,0xcd,0x37,0x6b,0xa6,0xa8,0x26,0x0,0x57,0x60,
  0xb,0x7e,0x1e,0xf6,0x57,0x3e,0x84,0x21,0xa0,0xc6,0x36,0x83,0x81,0xb2,0xa9,0x77,
  0x6,0x9a,0xaf,0x37,0xc9,0x36,0x0,0x53,0x54,0xe3,0x80,0xaf,0x2,0xb7,0xd3,0x7e,
  0xd7,0x1f,0x8b,0xfd,0xc0,0xe3,0xc0,0xbd,0x65,0x53,0xf,0x4a,0x87,0xe9,0x22,0x53,
  0x54,0xd3,0x81,0x65,0xc0,0x62,0xec,0x31,0xbc,0xb4,0x9d,0xc0,0x83,0xc0,0x4f,0xca,
  0xa6,0x3e,0x22,0x1d,0x66,0x2c,0x92,0x6c,0x0,0xa6,0xa8,0x3e,0x7,0xac,0x0,0x3e,
  0x21,0x9d,0x65,0x4,0x6f,0x1,0x2b,0x81,0x87,0xca,0xa6,0xde,0x2f,0x1d,0xa6,0xb,
  0x4c,0x51,0x4d,0x2,0x6e,0x3,0x6e,0x5,0xce,0x12,0x8e,0x33,0x92,0x97,0x80,0x25,
  0x65,0x53,0xff,0x5a,0x3a,0xc8,0xa9,0x4a,0xaa,0x1,0x98,0xa2,0xfa,0x24,0xb6,0xf0,
  0xaf,0x90,0xce,0x32,0xa,0xaf,0x1,0xcb,0x81,0x1f,0x96,0x4d,0xfd,0x8e,0x74,0x98,
  0x14,0x99,0xa2,0x7a,0x1f,0xf0,0x75,0x60,0x29,0x70,0x9e,0x70,0x9c,0xd1,0x78,0x1e,
  0xdb,0x8,0x7e,0x2b,0x1d,0x64,0xb4,0x92,0x68,0x0,0xa6,0xa8,0xa,0xe0,0xbb,0xc0,
  0xb5,0x84,0x3b,0xbe,0x6f,0xcb,0xcb,0xc0,0x9d,0xc0,0x6a,0x3d,0x61,0x38,0x3a,0xee,
  0xc4,0xde,0x22,0xec,0x36,0xbf,0x50,0x38,0xce,0xa9,0x1a,0x2,0x7e,0xe,0xdc,0x59,
  0x36,0x75,0x23,0x1d,0xe6,0x64,0xa2,0x6e,0x0,0xee,0x38,0xff,0x1e,0x60,0x9,0x30,
  0x41,0x38,0xce,0xe9,0xda,0x6,0x2c,0x2e,0x9b,0xda,0x48,0x7,0x89,0x99,0x29,0xaa,
  0x12,0x7b,0x2e,0x65,0x96,0x74,0x96,0xd3,0x74,0x8,0x3b,0x5a,0xbd,0x2b,0xe6,0xf3,
  0x3,0xd1,0x36,0x0,0x53,0x54,0xe7,0x0,0x3f,0x3,0x3e,0x2f,0x9d,0xa5,0x45,0x6f,
  0x0,0x8b,0xca,0xa6,0xde,0x24,0x1d,0x24,0x46,0xa6,0xa8,0xe6,0x0,0xab,0x81,0x73,
  0xa5,0xb3,0xb4,0xe8,0x29,0xe0,0xcb,0x65,0x53,0xbf,0x29,0x1d,0x64,0x24,0x51,0xde,
  0xa,0x6c,0x8a,0xea,0x42,0x60,0x2b,0xdd,0x2a,0x7e,0xb0,0x3b,0xf6,0xaf,0x4c,0x51,
  0xdd,0x2c,0x1d,0x24,0x36,0x6e,0x9d,0xfc,0x8a,0x6e,0x15,0x3f,0xd8,0x7d,0x78,0xab,
  0xdb,0xa7,0xa3,0x13,0xdd,0x8,0xc0,0x14,0xd5,0x6c,0x60,0xd,0xf0,0x77,0xd2,0x59,
  0x3c,0x7b,0x14,0xb8,0x39,0xf7,0x13,0x84,0xee,0x44,0xdf,0xf7,0x81,0x1b,0xa5,0xb3,
  0x78,0xf6,0x3a,0xb0,0xb0,0x6c,0xea,0xcd,0xd2,0x41,0x7a,0x45,0x35,0x2,0x30,0x45,
  0x75,0x13,0xb0,0x91,0xee,0x17,0x3f,0xd8,0x1d,0xfe,0x59,0x53,0x54,0x1f,0x90,0xe,
  0x22,0xc5,0x2d,0xfb,0xb3,0x74,0xbf,0xf8,0xc1,0xee,0xd3,0x1b,0xdd,0x3e,0x1e,0x8d,
  0x28,0x46,0x0,0xa6,0xa8,0xc6,0x3,0xdf,0x3,0xbe,0x21,0x9d,0x45,0x40,0x3,0x5c,
  0x5d,0x36,0xf5,0xff,0x4a,0x7,0x9,0xc9,0x14,0xd5,0xc7,0x81,0x27,0x81,0x42,0x3a,
  0x8b,0x80,0x47,0x80,0x6f,0x95,0x4d,0x7d,0x58,0x3a,0x48,0x2c,0x23,0x80,0x5c,0x8b,
  0x1f,0x6c,0x1,0x3c,0x67,0x8a,0xea,0x2,0xe9,0x20,0xa1,0xb8,0x65,0x7d,0x8e,0x3c,
  0x8b,0x1f,0xec,0xbe,0xfe,0x3d,0xe9,0x10,0x10,0x41,0x3,0x70,0x43,0xa2,0x5c,0x8b,
  0x7f,0xd8,0x54,0x60,0xc0,0x14,0xd5,0x48,0x4f,0x27,0x76,0x8a,0x5b,0xc6,0x1,0xec,
  0x32,0xe7,0xec,0x1b,0x31,0x1c,0xe,0x88,0x1e,0x2,0xb8,0x13,0x7e,0x1b,0xc9,0xfc,
  0xbd,0x4,0x3d,0xd6,0x60,0x2f,0x13,0xca,0x1f,0x97,0x79,0xe0,0x6e,0xf0,0x59,0xd,
  0x2c,0x94,0xce,0x12,0x89,0xc3,0xc0,0x5c,0xc9,0x13,0x83,0x62,0x23,0x0,0x77,0x59,
  0x64,0xd,0x5a,0xfc,0xbd,0x16,0x2,0x77,0x49,0x87,0xf0,0xe8,0x2e,0xb4,0xf8,0x7b,
  0x8d,0x7,0xd6,0x48,0x5e,0x22,0x14,0x19,0x1,0xb8,0x9b,0x7c,0xb6,0x2,0x17,0x5,
  0x9f,0x79,0xfc,0x86,0xb0,0xa3,0x80,0x35,0xd2,0x41,0xda,0x64,0x8a,0x6a,0x21,0xf6,
  0xd7,0x3f,0xb5,0x5b,0xb9,0x43,0xd8,0x1,0x7c,0x5a,0xe2,0x66,0xa1,0xe0,0xd,0xc0,
  0xdd,0xde,0xbb,0x81,0xee,0xdd,0xe4,0xd3,0xa6,0x83,0xc0,0x65,0x65,0x53,0x6f,0x97,
  0xe,0xd2,0x6,0x53,0x54,0x97,0x0,0x2f,0x30,0xf2,0x1b,0x98,0x94,0xf5,0x14,0x30,
  0x2f,0xf4,0x6d,0xc3,0x12,0x87,0x0,0xf7,0xa0,0xc5,0x7f,0x32,0x13,0xb1,0x27,0x5,
  0x93,0xbf,0x2b,0xce,0x2d,0xc3,0x0,0x5a,0xfc,0x27,0xf3,0x79,0x6c,0x6d,0x4,0x15,
  0xb4,0x1,0xb8,0xa7,0xfa,0x96,0x84,0x9c,0x67,0xc2,0x2e,0x0,0xee,0x90,0xe,0xd1,
  0x82,0x3b,0xb0,0xcb,0xa2,0x4e,0x6e,0x89,0xab,0x91,0x60,0x42,0x8f,0x0,0xbe,0x4b,
  0xfa,0x4f,0xf5,0x85,0x74,0x8b,0x29,0xaa,0xf,0x49,0x87,0x18,0x2b,0x97,0xfd,0x16,
  0xe9,0x1c,0x9,0x99,0x80,0xad,0x91,0x60,0x82,0x35,0x0,0xf7,0x32,0x8f,0x6b,0x43,
  0xcd,0xaf,0x23,0xde,0x8f,0x7d,0xa9,0x48,0xaa,0x96,0x63,0x97,0x41,0x8d,0xde,0xb5,
  0xae,0x56,0x82,0x8,0x39,0x2,0x58,0x81,0x9e,0x1,0x1e,0x8b,0xeb,0x4c,0x51,0x5d,
  0x2c,0x1d,0xe2,0x54,0xb9,0xcc,0xd7,0x49,0xe7,0x48,0x50,0x1f,0xb6,0x56,0x82,0x8,
  0xd2,0x0,0xdc,0x3b,0xfc,0x52,0x78,0x8d,0x57,0x8c,0xc6,0x61,0x5f,0x3c,0x99,0x9a,
  0x7,0x89,0xe0,0x4e,0xd3,0x44,0x5d,0xe1,0x6a,0xc6,0x3b,0xef,0x97,0x1,0xdd,0x65,
  0xbf,0xff,0x21,0xce,0x17,0x78,0xa6,0xe4,0xca,0x54,0x5e,0x24,0xe2,0x5e,0xec,0xf1,
  0xac,0x74,0x8e,0xc4,0xbd,0x4,0xfc,0x83,0xef,0xcb,0x82,0x21,0x3a,0xf4,0x57,0xd1,
  0xe2,0x6f,0xc3,0xa,0x77,0x2b,0x6d,0xd4,0x5c,0xc6,0x60,0x43,0xd8,0xe,0xfb,0x4,
  0xb6,0x76,0xbc,0xa,0xd1,0x0,0x6e,0xf,0x30,0x8f,0x1c,0x5c,0x2,0xcc,0x95,0xe,
  0x31,0xa,0x73,0xb1,0x59,0xd5,0xe9,0xf3,0x5e,0x3b,0x5e,0x1b,0x80,0xfb,0x62,0x4f,
  0xc,0x1f,0xed,0xe8,0x8a,0x6b,0xa4,0x3,0x8c,0x42,0xa,0x19,0x53,0x31,0xd3,0xd5,
  0x90,0x37,0xbe,0x47,0x0,0xfd,0x9e,0xa7,0x9f,0x9b,0x79,0x31,0x1f,0x6,0xb8,0x6c,
  0xf3,0xa4,0x73,0x74,0x8c,0xd7,0x1a,0xd2,0x6,0x90,0x96,0xe9,0xc4,0xfd,0xba,0xec,
  0x59,0x84,0xfb,0x4e,0x5f,0x2e,0xd2,0x6c,0x0,0xee,0x2b,0xbd,0x95,0xaf,0xe9,0x67,
  0x6c,0xbe,0x74,0x80,0x13,0x88,0x39,0x5b,0xaa,0x2a,0x57,0x4b,0x5e,0xf8,0x1c,0x1,
  0x5c,0x8d,0xde,0xf8,0xe3,0x43,0xcc,0xa3,0xaa,0x98,0xb3,0xa5,0xaa,0xf,0x5b,0x4b,
  0x5e,0xf8,0x6c,0x0,0xba,0x33,0xf8,0x71,0x91,0x29,0xaa,0x8f,0x48,0x87,0x38,0x96,
  0xcb,0xa4,0xef,0x77,0xf0,0xc3,0x5b,0x2d,0x79,0x69,0x0,0xa6,0xa8,0xce,0x6,0xe6,
  0xf8,0x98,0xb6,0x2,0xe2,0x1c,0x6a,0xc7,0x98,0xa9,0x2b,0xe6,0xb8,0x9a,0x6a,0x9d,
  0xaf,0x11,0xc0,0x1c,0xe0,0x4c,0x4f,0xd3,0x56,0xf0,0x5,0xe9,0x0,0x23,0x88,0x31,
  0x53,0x57,0x9c,0x89,0xa7,0x1f,0x54,0x5f,0xd,0xa0,0xf4,0x34,0x5d,0x65,0xc5,0xb8,
  0x7e,0x63,0xcc,0xd4,0x25,0x5e,0xd6,0xaf,0xaf,0x6,0x30,0xc3,0xd3,0x74,0x95,0x35,
  0xd5,0x3d,0x63,0x11,0x5,0x97,0x25,0xf7,0xd7,0x7c,0xfb,0xe6,0xa5,0xa6,0x7c,0xed,
  0x44,0x7a,0x2d,0xd8,0xaf,0x33,0x80,0x29,0xd2,0x21,0x7a,0x4c,0xc1,0x66,0x52,0xfe,
  0x78,0xa9,0x29,0x1d,0x1,0xa4,0x2b,0xa6,0x75,0x1c,0x53,0x96,0xae,0xd2,0x11,0x80,
  0x3a,0x4a,0x4c,0xeb,0x58,0x1b,0x80,0x7f,0x3a,0x2,0x50,0x47,0x89,0x69,0x1d,0xc7,
  0xd4,0x8c,0xba,0x2a,0x8d,0x11,0x80,0x29,0xaa,0xc9,0xe8,0x2b,0xa0,0x43,0x88,0xa9,
  0x1,0xc4,0x94,0xa5,0xab,0x26,0xba,0xda,0x6a,0x95,0x8f,0x11,0x80,0xfe,0x1a,0x84,
  0x11,0xd3,0x7a,0x8e,0x29,0x4b,0x97,0xb5,0xbe,0x9e,0x7d,0x34,0x0,0x6f,0xf,0x2e,
  0xa8,0xa3,0xc4,0xb4,0x9e,0x63,0xca,0xd2,0x65,0xad,0xaf,0x67,0x1f,0xd,0x60,0xbf,
  0x87,0x69,0xaa,0xe3,0xc5,0xb4,0x9e,0xf,0x48,0x7,0xc8,0x44,0xeb,0xdb,0xdc,0x47,
  0x3,0x18,0xf4,0x30,0x4d,0x75,0xbc,0x98,0xd6,0xf3,0x2e,0xe9,0x0,0x99,0x68,0x7d,
  0x9b,0xfb,0x68,0x0,0x7b,0x80,0xa0,0x1f,0x38,0xcc,0x54,0x4c,0x45,0x17,0x53,0x96,
  0xae,0x3a,0x82,0xad,0xad,0x56,0xb5,0xde,0x0,0xca,0xa6,0x7e,0x17,0xd8,0xdb,0xf6,
  0x74,0xd5,0x71,0x62,0x1a,0x1,0xc4,0x94,0xa5,0xab,0xf6,0xba,0xda,0x6a,0x95,0xaf,
  0xfb,0x0,0xf4,0x17,0xc1,0xbf,0x98,0xd6,0x71,0x4c,0x59,0xba,0xca,0xcb,0x3a,0xd6,
  0x6,0x90,0xae,0x98,0xd6,0xb1,0x8e,0x0,0xfc,0x4b,0xaa,0x1,0xe8,0xe,0xe1,0x5f,
  0x4c,0xeb,0x38,0xa6,0x66,0xd4,0x55,0x5e,0xb6,0xb7,0x8e,0x0,0xd2,0xb4,0xaf,0x6c,
  0xea,0x83,0xd2,0x21,0x86,0xb9,0x2c,0xfb,0xa4,0x73,0x74,0x5c,0x52,0x23,0x80,0x57,
  0x3d,0x4d,0x57,0x59,0x31,0xae,0xdf,0x18,0x33,0x75,0x89,0x97,0xf5,0xeb,0xab,0x1,
  0x6c,0xf1,0x34,0x5d,0x65,0xc5,0xb8,0x7e,0x63,0xcc,0xd4,0x25,0x5e,0xd6,0xaf,0x97,
  0x6,0x50,0x36,0xf5,0xef,0x81,0x9d,0x3e,0xa6,0xad,0x0,0x18,0x90,0xe,0x30,0x82,
  0x18,0x33,0x75,0xc5,0x4e,0x57,0x53,0xad,0xf3,0xf9,0x5a,0xa9,0xf5,0x1e,0xa7,0x9d,
  0xb3,0x37,0x81,0xcd,0xd2,0x21,0x46,0xb0,0x19,0x9b,0x4d,0xb5,0xcf,0x5b,0x2d,0x69,
  0x3,0x48,0xcf,0xd3,0x65,0x53,0x1f,0x92,0xe,0x71,0x2c,0x97,0xe9,0x69,0xe9,0x1c,
  0x1d,0x95,0x64,0x3,0xf8,0xd,0x71,0x5d,0xaa,0xea,0x8a,0x98,0x87,0xda,0x31,0x67,
  0x4b,0xd5,0x20,0xb6,0x96,0xbc,0xf0,0xd6,0x0,0xca,0xa6,0x1e,0x2,0x36,0xf8,0x9a,
  0x7e,0xa6,0x62,0xff,0x95,0x7d,0x1a,0x9b,0x51,0xb5,0x67,0x83,0xab,0x25,0x2f,0x7c,
  0xbf,0x5a,0x5a,0xf,0x3,0xda,0xb5,0xb9,0x6c,0xea,0x68,0x8f,0xb3,0x5d,0xb6,0x18,
  0xcf,0x4f,0xa4,0xcc,0x6b,0xd,0xf9,0x6e,0x0,0xcf,0x13,0xd7,0x73,0xeb,0xa9,0x4b,
  0x61,0x88,0x9d,0x42,0xc6,0x54,0xec,0xc7,0xd6,0x90,0x37,0x5e,0x1b,0x80,0x3b,0x31,
  0xf4,0xb8,0xcf,0x79,0x64,0x64,0x3f,0xf0,0x84,0x74,0x88,0x51,0x78,0x2,0x6d,0xfa,
  0x6d,0x79,0xdc,0xf7,0x9,0xdf,0x10,0x5f,0x97,0xb9,0x17,0x78,0x2b,0xc0,0x7c,0xba,
  0xee,0xa1,0xb2,0xa9,0xff,0x2c,0x1d,0xe2,0x64,0x5c,0xc6,0x87,0xa4,0x73,0x74,0xc0,
  0x5b,0xd8,0xda,0xf1,0xca,0x7b,0x3,0x28,0x9b,0x7a,0x10,0x58,0xe9,0x7b,0x3e,0x1d,
  0xb7,0x9b,0xb4,0xd6,0xe1,0x4a,0x6c,0x66,0x35,0x76,0x2b,0x5d,0xed,0x78,0x15,0xea,
  0xfb,0x72,0xf,0x1,0xaf,0x5,0x9a,0x57,0x17,0xdd,0x5d,0x36,0x75,0x32,0xa3,0x28,
  0x97,0xf5,0x6e,0xe9,0x1c,0x9,0x7b,0x8d,0x40,0xa3,0xa8,0x20,0xd,0xa0,0x6c,0xea,
  0xfd,0xc0,0xf2,0x10,0xf3,0xea,0xa0,0xdf,0x1,0xab,0xa4,0x43,0x8c,0xc1,0x2a,0x6c,
  0x76,0x75,0xea,0x96,0xbb,0x9a,0xf1,0x2e,0xe4,0x17,0x66,0x7f,0x8,0xbc,0x1c,0x70,
  0x7e,0x5d,0xf1,0x9d,0xb2,0xa9,0xf,0x4b,0x87,0x38,0x55,0x2e,0xf3,0x77,0xa4,0x73,
  0x24,0xe8,0x65,0x6c,0xad,0x4,0x11,0xac,0x1,0x94,0x4d,0xfd,0xe,0x70,0x67,0xa8,
  0xf9,0x75,0xc4,0xd6,0xb2,0xa9,0x7f,0x21,0x1d,0x62,0xac,0x5c,0xf6,0xad,0xd2,0x39,
  0x12,0x73,0xa7,0xab,0x95,0x20,0x42,0x7f,0x63,0x7e,0x35,0xb0,0x2d,0xf0,0x3c,0x53,
  0xb6,0x44,0x3a,0x40,0xb,0xba,0xb0,0xc,0xa1,0x6c,0xc3,0xd6,0x48,0x30,0x41,0x1b,
  0x80,0xbb,0xa5,0x71,0x31,0xf0,0x46,0xc8,0xf9,0x26,0xea,0xbe,0xb2,0xa9,0x5f,0x90,
  0xe,0x71,0xba,0xdc,0x32,0xdc,0x27,0x9d,0x23,0x1,0x6f,0x0,0x8b,0x7d,0xde,0xf6,
  0x3b,0x92,0xd0,0x23,0x0,0xca,0xa6,0x36,0xc0,0x22,0x20,0xb9,0xe3,0xda,0x80,0xd6,
  0x1,0xcb,0xa4,0x43,0xb4,0x68,0x19,0x76,0x99,0xd4,0xc8,0xe,0x3,0x8b,0x5c,0x6d,
  0x4,0x15,0xbc,0x1,0x0,0x94,0x4d,0xbd,0x9,0xf8,0xb6,0xc4,0xbc,0x13,0xf0,0x22,
  0xf0,0x95,0xd0,0xbf,0x4,0x3e,0xb9,0x65,0xf9,0xa,0x76,0xd9,0xd4,0xf1,0xbe,0xed,
  0x6a,0x22,0xb8,0xbe,0xa1,0x21,0xb9,0xfd,0xcc,0x14,0xd5,0x7f,0x2,0x37,0x8a,0x5,
  0x88,0xcf,0x5e,0xe0,0xd2,0xb2,0xa9,0xff,0x28,0x1d,0xc4,0x7,0x53,0x54,0x1f,0xc6,
  0x3e,0xda,0x3a,0x45,0x3a,0x4b,0x44,0x1e,0x2d,0x9b,0xfa,0x9f,0xa5,0x66,0x2e,0x32,
  0x2,0xe8,0x71,0x33,0xfa,0x2e,0xb9,0x61,0x87,0x80,0x5,0x5d,0x2d,0x7e,0x0,0xb7,
  0x6c,0xb,0xd0,0x47,0x86,0x87,0x6d,0xc1,0xd6,0x80,0x18,0xd1,0x6,0xe0,0x2e,0x77,
  0x2c,0x0,0x1a,0xc9,0x1c,0x91,0xb8,0xa9,0xb,0x27,0xfd,0x4e,0xc6,0x2d,0xe3,0x4d,
  0xd2,0x39,0x22,0xd0,0x60,0x1b,0x7e,0xb0,0x4b,0x7e,0x23,0x91,0x1e,0x1,0x50,0x36,
  0xf5,0x5f,0x80,0xab,0xf1,0xf0,0xe1,0xc3,0x84,0xdc,0x57,0x36,0xf5,0x8f,0xa4,0x43,
  0x84,0xe2,0x96,0x35,0xe7,0x2b,0x3,0x7b,0x80,0xab,0xdd,0xbe,0x2f,0x4a,0xf4,0x1c,
  0x40,0x2f,0x53,0x54,0x17,0x60,0x9f,0x25,0xbf,0x44,0x3a,0x4b,0x40,0x87,0xb0,0xbf,
  0xfc,0xd9,0x14,0x7f,0x2f,0x53,0x54,0x5f,0x3,0x7e,0x0,0x4c,0x90,0xce,0x12,0xd0,
  0x76,0xa0,0xbf,0x6c,0xea,0x57,0xa4,0x83,0x40,0x44,0xd,0x0,0xc0,0x14,0xd5,0x44,
  0xe0,0xc7,0xc0,0x42,0xe9,0x2c,0x1,0xec,0xc5,0xe,0x1,0x3b,0x3f,0xec,0x3f,0x11,
  0x53,0x54,0x97,0x1,0x6b,0xc9,0xe3,0xc4,0xe0,0x1a,0xe0,0xfa,0x98,0xbe,0xea,0x24,
  0x7e,0x8,0xd0,0xcb,0xad,0x98,0x45,0xc0,0x3d,0x40,0x3c,0x9d,0xa9,0x7d,0x2f,0x62,
  0xcf,0xf6,0x67,0x5d,0xfc,0xf0,0xb7,0x73,0x2,0x97,0xd2,0xed,0x4b,0x84,0x43,0xd8,
  0x7d,0x7a,0x51,0x4c,0xc5,0xf,0x91,0x8d,0x0,0x7a,0x99,0xa2,0x5a,0x88,0x1d,0xd,
  0x4c,0x94,0xce,0xd2,0xb2,0x75,0xd8,0xeb,0xfc,0xc9,0x3c,0xde,0x1b,0x82,0x29,0xaa,
  0xb3,0x80,0x9f,0x2,0xd7,0x48,0x67,0x69,0xd9,0x41,0xec,0xaf,0xfe,0x1a,0xe9,0x20,
  0x23,0x89,0x6a,0x4,0xd0,0xcb,0xad,0xb0,0xcb,0x80,0x28,0x8e,0x95,0x5a,0x72,0x1f,
  0x76,0xd8,0xaf,0xc5,0x7f,0xc,0xb7,0x4e,0x16,0xd0,0xad,0x93,0x83,0xaf,0x0,0x97,
  0xc5,0x5a,0xfc,0x10,0xf1,0x8,0x60,0x98,0x29,0xaa,0x73,0x81,0x3b,0x80,0x5b,0x80,
  0xf7,0xb,0xc7,0x19,0xab,0xad,0xc0,0x12,0x1d,0xf2,0x8f,0x8e,0x3b,0x2f,0xb0,0x2,
  0xf8,0xb4,0x74,0x96,0x31,0xfa,0x2b,0xf0,0x30,0xf0,0x40,0xd9,0xd4,0x51,0x3f,0xf7,
  0x12,0x7d,0x3,0x18,0x66,0x8a,0xea,0x43,0xd8,0x97,0x8a,0x5c,0x47,0xc4,0x23,0x97,
  0x63,0xfc,0xe,0xfb,0x3c,0x7f,0xb2,0x8f,0xf4,0x4a,0x32,0x45,0xf5,0x45,0xe0,0x7e,
  0xe0,0x63,0xd2,0x59,0x46,0xe9,0x8,0xf0,0x18,0xb0,0xb4,0x6c,0xea,0x3f,0x49,0x87,
  0x19,0x8d,0x64,0x1a,0xc0,0x30,0x53,0x54,0x17,0x3,0xf,0x2,0x9f,0x95,0xce,0x72,
  0x2,0xbb,0xb1,0xaf,0xc4,0x5a,0x95,0xe2,0xcb,0x3c,0x62,0x62,0x8a,0x6a,0x3c,0x70,
  0x3,0x76,0x7d,0x4e,0x93,0x4d,0x73,0x42,0xcf,0x0,0xb7,0x97,0x4d,0x9d,0xd4,0xc9,
  0xcc,0xe4,0x1a,0xc0,0x30,0x53,0x54,0x73,0xb0,0xc3,0xc4,0x98,0xee,0x1b,0xd8,0x8f,
  0x7d,0x97,0xdb,0x4a,0x3d,0xce,0x6f,0x97,0x3b,0x49,0x78,0x2b,0x70,0x1b,0x30,0x49,
  0x38,0x4e,0xaf,0xed,0xd8,0xc3,0x3b,0x91,0x87,0x79,0x4e,0x57,0xb2,0xd,0x0,0xc0,
  0x14,0x55,0x1f,0x30,0x17,0x7b,0xe6,0x78,0x1e,0x30,0x5d,0x20,0xc6,0x21,0xec,0xd7,
  0x70,0x6,0x80,0x27,0x52,0x78,0x75,0x77,0xca,0x4c,0x51,0x7d,0x10,0xf8,0x12,0xd0,
  0xf,0xcc,0x46,0xe6,0x26,0xa2,0x41,0xec,0x67,0xef,0xd6,0x1,0x1b,0x53,0x7e,0x72,
  0x33,0xe9,0x6,0xd0,0xcb,0x35,0x83,0x59,0xc0,0x7c,0xec,0xce,0x71,0x91,0xc7,0xd9,
  0xbd,0x89,0xfd,0xe,0xde,0x0,0xf6,0x6b,0xbd,0xd1,0x7e,0xae,0xab,0xcb,0x4c,0x51,
  0x9d,0x3,0x5c,0x85,0xdd,0xde,0x57,0x1,0xe7,0x78,0x9c,0xdd,0xe,0xec,0xf6,0x5e,
  0xf,0x6c,0x4b,0xb9,0xe8,0x7b,0x75,0xa6,0x1,0x1c,0xcb,0x14,0xd5,0x47,0xb0,0xcd,
  0xe0,0xb,0x40,0x9,0x4c,0x5,0xce,0x18,0xe3,0xe4,0xf6,0x1,0xaf,0x62,0x9f,0xde,
  0x1a,0xc0,0x7e,0xa3,0x4f,0x9f,0x68,0x8b,0x88,0x29,0xaa,0x9,0xd8,0x11,0x41,0x3f,
  0x70,0x39,0x70,0x3e,0x30,0x79,0x8c,0x93,0x7b,0x17,0x7b,0xbf,0xbe,0x1,0x7e,0x9,
  0xac,0x2f,0x9b,0xfa,0xf,0x6d,0xe4,0x8c,0x4d,0x67,0x1b,0xc0,0xb1,0x4c,0x51,0x8d,
  0xc3,0xde,0x6e,0x3a,0x3,0x7b,0xa8,0x30,0xa3,0xe7,0xbf,0xa7,0x1,0x7,0x80,0x5d,
  0xee,0xdf,0x60,0xef,0xdf,0xd8,0xee,0xde,0x52,0xa3,0xe3,0x6e,0x2d,0xef,0xdd,0xde,
  0xbd,0x7f,0x27,0x61,0x4f,0xd6,0x1e,0xb5,0xad,0xdd,0xbf,0xbd,0x65,0x53,0x1f,0x91,
  0xc8,0x1c,0x5a,0x36,0xd,0x40,0x29,0x75,0xbc,0x54,0xae,0xa7,0x2b,0xa5,0x3c,0xd0,
  0x6,0xa0,0x54,0xc6,0xb4,0x1,0x28,0x95,0x31,0x6d,0x0,0x4a,0x65,0x4c,0x1b,0x80,
  0x52,0x19,0xd3,0x6,0xa0,0x54,0xc6,0xb4,0x1,0x28,0x95,0x31,0x6d,0x0,0x4a,0x65,
  0x4c,0x1b,0x80,0x52,0x19,0xd3,0x6,0xa0,0x54,0xc6,0xb4,0x1,0x28,0x95,0x31,0x6d,
  0x0,0x4a,0x65,0x4c,0x1b,0x80,0x52,0x19,0xd3,0x6,0xa0,0x54,0xc6,0xb4,0x1,0x28,
  0x95,0x31,0x6d,0x0,0x4a,0x65,0x4c,0x1b,0x80,0x52,0x19,0xd3,0x6,0xa0,0x54,0xc6,
  0xb4,0x1,0x28,0x95,0x31,0x6d,0x0,0x4a,0x65,0x4c,0x1b,0x80,0x52,0x19,0xd3,0x6,
  0xa0,0x54,0xc6,0xb4,0x1,0x28,0x95,0x31,0x6d,0x0,0x4a,0x65,0x4c,0x1b,0x80,0x52,
  0x19,0xd3,0x6,0xa0,0x54,0xc6,0xb4,0x1,0x28,0x95,0x31,0x6d,0x0,0x4a,0x65,0x4c,
  0x1b,0x80,0x52,0x19,0xd3,0x6,0xa0,0x54,0xc6,0xb4,0x1,0x28,0x95,0x31,0x6d,0x0,
  0x4a,0x65,0x4c,0x1b,0x80,0x52,0x19,0x1b,0x2f,0x1d,0x20,0x14,0x53,0x54,0xe3,0x80,
  0x29,0xc0,0xc,0x60,0xba,0xfb,0x3b,0xfc,0xdf,0xd3,0x80,0x3,0xc0,0x2e,0xf7,0x6f,
  0xb0,0xf7,0x6f,0xd9,0xd4,0x7,0x25,0x32,0xab,0xd3,0x63,0x8a,0x6a,0x22,0x47,0x6f,
  0xef,0xde,0xbf,0x93,0x80,0xdd,0x1c,0xb3,0xad,0xdd,0xbf,0xbd,0x65,0x53,0x1f,0x91,
  0xc8,0x1c,0x5a,0xdf,0xd0,0xd0,0x90,0x74,0x6,0x2f,0x4c,0x51,0x7d,0x4,0x98,0xf,
  0x7c,0x1,0x28,0x81,0xa9,0xc0,0x19,0x63,0x9c,0xdc,0x3e,0xe0,0x55,0x60,0xb,0x30,
  0x0,0x6c,0x2e,0x9b,0xfa,0x50,0x1b,0x39,0x55,0x3b,0x4c,0x51,0x4d,0x0,0x66,0x3,
  0xfd,0xc0,0xe5,0xc0,0xf9,0xc0,0xe4,0x31,0x4e,0xee,0x5d,0x60,0xf,0x60,0x80,0x5f,
  0x2,0xeb,0xcb,0xa6,0xfe,0x43,0x1b,0x39,0x63,0xd3,0x99,0x6,0x60,0x8a,0xaa,0xf,
  0x98,0x85,0x2d,0xfa,0x7e,0xe0,0x22,0x8f,0xb3,0x7b,0x13,0x78,0x1a,0xdb,0xc,0x9e,
  0x2e,0x9b,0xfa,0x4d,0x8f,0xf3,0x52,0xef,0xc1,0x14,0xd5,0x39,0xc0,0x55,0xd8,0xed,
  0x7d,0x15,0x70,0x8e,0xc7,0xd9,0xed,0xc0,0x6e,0xef,0xf5,0xc0,0xb6,0xb2,0xa9,0x3b,
  0x51,0x38,0x49,0x37,0x0,0x57,0xf4,0x73,0x81,0x6b,0x80,0x79,0xd8,0xa1,0x5d,0x68,
  0x87,0x80,0xcd,0xd8,0x9d,0xe3,0x89,0xb2,0xa9,0xff,0x2c,0x90,0x21,0x1b,0xa6,0xa8,
  0x3e,0x8,0x7c,0x9,0x5b,0xf4,0xb3,0x81,0x9,0x2,0x31,0x6,0x81,0xd,0xc0,0x3a,
  0x60,0x63,0xca,0xcd,0x20,0xd9,0x6,0x60,0x8a,0x6a,0xe,0xb0,0x2,0xb8,0x44,0x3a,
  0x4b,0x8f,0xfd,0xc0,0x43,0xc0,0xca,0xb2,0xa9,0xdf,0x92,0xe,0xd3,0x25,0xa6,0xa8,
  0xce,0x2,0x6e,0x5,0x6e,0xc3,0x1e,0xbf,0xc7,0x62,0x3b,0xb0,0xa4,0x6c,0xea,0x4d,
  0xd2,0x41,0xc6,0x22,0xb9,0x6,0x60,0x8a,0xea,0x62,0xe0,0x41,0xe0,0xb3,0xd2,0x59,
  0x4e,0x60,0x37,0x70,0x37,0xb0,0xaa,0x6c,0xea,0xc3,0xc2,0x59,0x92,0x66,0x8a,0x6a,
  0x3c,0x70,0x3,0x76,0x7d,0x4e,0x93,0x4d,0x73,0x42,0xcf,0x0,0xb7,0x97,0x4d,0xfd,
  0xa2,0x74,0x90,0x53,0x91,0x4c,0x3,0x30,0x45,0xf5,0x21,0x60,0x39,0x70,0x1d,0xe9,
  0x5c,0xbe,0xfc,0x1d,0xf0,0x9d,0xb2,0xa9,0x7f,0x21,0x1d,0x24,0x45,0xa6,0xa8,0xbe,
  0x8,0xdc,0xf,0x7c,0x4c,0x3a,0xcb,0x28,0x1d,0x1,0x1e,0x3,0x96,0x96,0x4d,0xfd,
  0x27,0xe9,0x30,0xa3,0x11,0x7d,0x3,0x30,0x45,0x75,0x2e,0x70,0x7,0x70,0xb,0xf0,
  0x7e,0xe1,0x38,0x63,0xb5,0x15,0x3b,0x4c,0x7c,0x41,0x3a,0x48,0xa,0x4c,0x51,0x5d,
  0x86,0x3d,0xbc,0xfb,0xb4,0x74,0x96,0x31,0xfa,0x2b,0xf0,0x30,0xf0,0x40,0xd9,0xd4,
  0x6f,0x48,0x87,0x39,0x91,0xa8,0x1b,0x80,0x29,0xaa,0x4b,0xb0,0x27,0xd7,0x2e,0x90,
  0xce,0xd2,0x92,0xfb,0x80,0x65,0x29,0x9f,0x34,0xf2,0xc9,0x9d,0xd4,0xbd,0x17,0xf8,
  0x57,0xe9,0x2c,0x2d,0x79,0x5,0xe8,0x2f,0x9b,0x7a,0xbb,0x74,0x90,0xf7,0x12,0x6d,
  0x3,0x30,0x45,0xb5,0x10,0xf8,0x31,0x30,0x51,0x3a,0x4b,0xcb,0xd6,0x1,0x5f,0xd1,
  0x93,0x84,0x47,0x73,0x27,0xf9,0x7e,0x8a,0xbd,0xa2,0xd3,0x25,0x7,0x81,0xeb,0xcb,
  0xa6,0x5e,0x23,0x1d,0x64,0x24,0xd1,0x35,0x0,0xf7,0x2b,0x70,0x17,0xb0,0xc,0xe8,
  0x13,0x8e,0xe3,0xcb,0x8b,0xd8,0x5f,0x86,0x3f,0x4a,0x7,0x89,0x81,0x29,0xaa,0xf,
  0x63,0x47,0x7a,0x17,0x4b,0x67,0xf1,0x64,0x8,0x3b,0xb2,0xb9,0x27,0xb6,0xd1,0x5f,
  0x54,0xd,0xc0,0xdd,0xba,0xf9,0x63,0x60,0xa1,0x74,0x96,0x0,0xf6,0x2,0xb,0x72,
  0x3f,0x2f,0xe0,0x8e,0xf7,0xd7,0x62,0x6f,0xd3,0xee,0xba,0x35,0xd8,0xd1,0x40,0x34,
  0xb7,0x96,0x47,0x73,0x36,0xdd,0x14,0xd5,0x5,0xc0,0xb,0xe4,0x51,0xfc,0x60,0x77,
  0xf8,0xe7,0x4c,0x51,0x7d,0x4d,0x3a,0x88,0x14,0xb7,0xec,0xcf,0x91,0x47,0xf1,0x83,
  0xdd,0xb7,0x5f,0x70,0xfb,0x7a,0x14,0xa2,0x68,0x0,0xa6,0xa8,0x3e,0xe,0x6c,0x23,
  0xae,0x9b,0x7a,0x42,0x98,0x0,0xac,0x32,0x45,0xb5,0x5c,0x3a,0x48,0x68,0x6e,0x99,
  0x57,0x21,0x73,0x27,0x9f,0xa4,0x4b,0x80,0x6d,0x6e,0x9f,0x17,0x27,0x7e,0x8,0x60,
  0x8a,0xea,0x3,0xd8,0xe2,0x2f,0x44,0x83,0xc8,0xbb,0xa1,0x6c,0xea,0x1f,0x49,0x87,
  0x8,0xc1,0xfd,0xf2,0xaf,0x92,0xce,0x21,0xac,0x1,0x66,0x95,0x4d,0xfd,0x17,0xc9,
  0x10,0xa2,0xd,0xc0,0x14,0xd5,0xfb,0x80,0x67,0xb1,0x4f,0x6f,0xe5,0xee,0x10,0xf0,
  0x99,0xae,0x9f,0x13,0x70,0xc7,0xfc,0xcf,0x91,0xdf,0x2f,0xff,0x48,0xb6,0x0,0x57,
  0x96,0x4d,0xfd,0x8e,0x54,0x0,0xe9,0x43,0x80,0xef,0xa3,0xc5,0x3f,0x6c,0x2,0xb0,
  0xd6,0x9d,0x11,0xef,0x24,0xb7,0x6c,0x6b,0xd1,0xe2,0x1f,0x76,0x39,0xb6,0x6,0xc4,
  0x88,0x35,0x0,0x53,0x54,0x37,0x3,0x37,0x4a,0xcd,0x3f,0x52,0x53,0x80,0x1,0x77,
  0x4d,0xbc,0x53,0xdc,0x32,0xd,0x90,0xcf,0x9,0xbf,0xd1,0xba,0xd1,0xd5,0x82,0x8,
  0x91,0x43,0x0,0xf7,0x24,0xdf,0xaf,0xc8,0xe8,0x8d,0x44,0xa7,0x68,0x1d,0xf6,0x12,
  0x61,0x3c,0xd7,0x68,0x4f,0x83,0xbb,0xb7,0x63,0x2d,0xdd,0xbb,0xc9,0xa7,0x2d,0x87,
  0x81,0x7f,0x92,0x78,0xa2,0x30,0xf8,0x8,0xc0,0x14,0x55,0x9,0xac,0x46,0x8b,0xff,
  0x44,0xae,0xc1,0xde,0x38,0xd2,0x15,0xf7,0xa2,0xc5,0x7f,0x22,0xe3,0x81,0xd5,0xae,
  0x36,0x82,0xa,0x3a,0x2,0x70,0xbf,0x4,0xff,0x8d,0x7d,0x73,0x8f,0x3a,0xb9,0x7f,
  0x4c,0xfd,0xa4,0xa0,0x3b,0xe9,0xf7,0x5f,0xd2,0x39,0x12,0xb1,0xd,0xf8,0x54,0xc8,
  0x91,0x5f,0xe8,0x11,0xc0,0x22,0xb4,0xf8,0x4f,0xc5,0xa,0xe9,0x0,0x2d,0xe8,0xc2,
  0x32,0x84,0x32,0xb,0x5b,0x23,0xc1,0x4,0x1b,0x1,0xb8,0x4b,0x7e,0xff,0x7,0x5c,
  0x18,0x64,0x86,0xdd,0xb1,0x20,0xd5,0xf7,0x9,0xb8,0xe7,0xf9,0xd7,0x4a,0xe7,0x48,
  0xcc,0xcb,0xc0,0xdf,0x87,0xba,0x34,0x18,0x72,0x4,0xf0,0x75,0xb4,0xf8,0xc7,0xe2,
  0x7e,0xf7,0x56,0x9c,0xa4,0xb8,0xcc,0xf7,0x4b,0xe7,0x48,0xd0,0x85,0xd8,0x5a,0x9,
  0x22,0x48,0x3,0x30,0x45,0x35,0x9,0x58,0x1a,0x62,0x5e,0x1d,0xf4,0x31,0xec,0x2b,
  0xb1,0x52,0x73,0x3,0xe9,0xbc,0xc9,0x27,0x36,0x4b,0x5d,0xcd,0x78,0x17,0x6a,0x4,
  0x70,0x1b,0x70,0x5e,0xa0,0x79,0x75,0xd1,0xdd,0x29,0xdd,0x1b,0xe0,0xb2,0xde,0x2d,
  0x9d,0x23,0x61,0xe7,0x61,0x6b,0xc6,0x3b,0xef,0xd,0xc0,0x14,0xd5,0x74,0xec,0xdb,
  0x5c,0xd5,0xd8,0x4d,0x23,0xad,0x75,0x78,0x2b,0x71,0xbf,0xc0,0x33,0x5,0xb7,0xba,
  0xda,0xf1,0x2a,0xc4,0x8,0x60,0x19,0x90,0xcc,0xaf,0x57,0xc4,0x6e,0x73,0xef,0xc4,
  0x8f,0x9a,0xcb,0x18,0xe4,0xd7,0xab,0xe3,0xce,0xc2,0xd6,0x8e,0x57,0x5e,0x1b,0x80,
  0xfb,0x5c,0xd3,0x62,0x9f,0xf3,0xc8,0xc8,0x24,0xec,0x7,0x31,0x62,0xf7,0x25,0xe2,
  0x7a,0x6f,0x7f,0xca,0x16,0xbb,0x1a,0xf2,0xc6,0xf7,0x8,0xe0,0xa,0x74,0x67,0x68,
  0x53,0xbf,0x74,0x80,0x51,0x48,0x21,0x63,0x2a,0x26,0x61,0x6b,0xc8,0x1b,0xdf,0xd,
  0x60,0xbe,0xe7,0xe9,0xe7,0x66,0xb6,0xfb,0x1e,0x5e,0x94,0x5c,0xb6,0xd9,0xd2,0x39,
  0x3a,0xc6,0x6b,0xd,0x79,0x6b,0x0,0xee,0xb6,0xdf,0x79,0xbe,0xa6,0x9f,0xa9,0x9,
  0xd8,0x8f,0x60,0xc6,0xea,0x2a,0xf4,0x51,0xdf,0xb6,0xcd,0x73,0xb5,0xe4,0x85,0xcf,
  0x11,0xc0,0xa5,0xc8,0x7c,0xac,0xb3,0xeb,0x62,0x1e,0x62,0xc7,0x9c,0x2d,0x55,0xd3,
  0xb1,0xb5,0xe4,0x85,0xcf,0x6,0xa0,0xc3,0x7f,0x3f,0xae,0xf2,0x7d,0x62,0x68,0x2c,
  0x5c,0xa6,0x98,0x47,0x27,0x29,0xf3,0x56,0x4b,0xda,0x0,0xd2,0x13,0xeb,0x71,0xf6,
  0x6c,0x6c,0x36,0xd5,0xbe,0xb4,0x1a,0x80,0x29,0xaa,0x8f,0x2,0x33,0x7d,0x4c,0x5b,
  0x1,0x71,0xe,0xb5,0x63,0xcc,0xd4,0x15,0x33,0x5d,0x4d,0xb5,0xce,0xd7,0x8,0x40,
  0xdf,0xf3,0xe7,0x57,0x8c,0xeb,0x37,0xc6,0x4c,0x5d,0xe2,0x65,0xfd,0xfa,0x6a,0x0,
  0xe7,0x7b,0x9a,0xae,0xb2,0x62,0x5c,0xbf,0x31,0x66,0xea,0x12,0x2f,0xeb,0xd7,0x57,
  0x3,0x98,0xe1,0x69,0xba,0xca,0x9a,0xec,0x3e,0xa3,0x16,0x5,0x97,0x65,0xb2,0x74,
  0x8e,0x8e,0xf3,0x52,0x53,0xbe,0x1a,0x80,0x5e,0xfe,0xf3,0x2f,0xa6,0x75,0xac,0xd,
  0xdf,0x3f,0x2f,0xdb,0x5b,0x47,0x0,0xe9,0x8a,0x69,0x1d,0xc7,0xd4,0x8c,0xba,0x2a,
  0xa9,0x11,0x40,0x4c,0x3b,0x67,0x57,0xc5,0xb4,0x8e,0x63,0xca,0xd2,0x55,0x69,0x34,
  0x0,0x53,0x54,0x67,0xa0,0x1f,0x7f,0x8,0x21,0xa6,0x5f,0xdd,0x98,0xb2,0x74,0xd5,
  0x14,0x57,0x5b,0xad,0xf2,0x31,0x2,0x98,0xea,0x69,0xba,0xea,0x68,0x31,0xfd,0xea,
  0xc6,0x94,0xa5,0xab,0xc6,0x61,0x6b,0xab,0xf5,0x89,0xb6,0x4d,0x7f,0xd,0xc2,0x88,
  0x69,0x3d,0x6b,0x3,0x8,0xa3,0xf5,0x6d,0xee,0xa3,0x1,0xe8,0xf3,0xff,0x61,0xc4,
  0xb4,0x9e,0xcf,0x96,0xe,0x90,0x89,0xd6,0xb7,0xb9,0x8f,0x6,0xb0,0xdb,0xc3,0x34,
  0xd5,0xf1,0x62,0x5a,0xcf,0x31,0x65,0xe9,0xb2,0xd6,0xd7,0xb3,0x8f,0x6,0x30,0xe8,
  0x61,0x9a,0xea,0x78,0x31,0xad,0xe7,0x98,0xb2,0x74,0x59,0xeb,0xeb,0xb9,0xf5,0x6,
  0x50,0x36,0xf5,0x3e,0xe0,0x60,0xdb,0xd3,0x55,0xc7,0xd9,0x25,0x1d,0xa0,0x47,0x4c,
  0x59,0xba,0xea,0xa0,0xab,0xad,0x56,0xf9,0x3a,0x5b,0xaf,0x3b,0x84,0x7f,0x31,0xad,
  0x63,0x1d,0x1,0xf8,0xe7,0x65,0x7b,0xfb,0x6a,0x0,0xba,0x43,0xf8,0x17,0xd3,0x3a,
  0x8e,0xa9,0x19,0x75,0x95,0x97,0xed,0xad,0x23,0x80,0x74,0xc5,0xb4,0x8e,0x63,0xca,
  0xd2,0x55,0x3a,0x2,0x50,0x7f,0xf3,0x2e,0xb0,0x57,0x3a,0x44,0x8f,0xbd,0xd8,0x4c,
  0xca,0x1f,0x1d,0x1,0xa8,0xbf,0xd9,0x53,0x36,0xf5,0x11,0xe9,0x10,0xc3,0x5c,0x96,
  0x3d,0xd2,0x39,0x3a,0x2e,0xa9,0x11,0x80,0xf1,0x34,0x5d,0x65,0xc5,0xb8,0x7e,0x63,
  0xcc,0xd4,0x25,0x5e,0xd6,0xaf,0xaf,0x6,0xb0,0x9,0x78,0xdb,0xd3,0xb4,0x15,0xfc,
  0x52,0x3a,0xc0,0x8,0x62,0xcc,0xd4,0x15,0x6f,0x63,0x6b,0xaa,0x75,0x5e,0x1a,0x40,
  0xd9,0xd4,0x7,0xf0,0x14,0x58,0x1,0xb0,0x5e,0x3a,0xc0,0x8,0x62,0xcc,0xd4,0x15,
  0x9b,0x5c,0x4d,0xb5,0xce,0xe7,0x53,0x7b,0x3,0x1e,0xa7,0x9d,0xb3,0x1d,0x65,0x53,
  0xff,0x41,0x3a,0xc4,0xb1,0x5c,0xa6,0x1d,0xd2,0x39,0x3a,0xca,0x5b,0x2d,0xf9,0x6c,
  0x0,0x4f,0x2,0x43,0x1e,0xa7,0x9f,0xab,0x98,0x1b,0x6b,0xcc,0xd9,0x52,0x35,0x84,
  0xad,0x25,0x2f,0xbc,0x35,0x80,0xb2,0xa9,0x77,0x3,0xb5,0xaf,0xe9,0x67,0x2c,0xe6,
  0xa1,0x76,0xcc,0xd9,0x52,0x55,0xbb,0x5a,0xf2,0xc2,0xf7,0x8b,0x3b,0xf4,0x17,0xa1,
  0x5d,0x83,0xc0,0x36,0xe9,0x10,0x27,0xb0,0xd,0xbd,0x7,0xa4,0x6d,0x5e,0x6b,0x48,
  0x1b,0x40,0x5a,0x36,0x94,0x4d,0x1d,0xed,0x61,0x95,0xcb,0xb6,0x41,0x3a,0x47,0xc7,
  0xa4,0xdb,0x0,0xca,0xa6,0xde,0x9,0xec,0xf4,0x39,0x8f,0xcc,0xac,0x93,0xe,0x30,
  0xa,0x29,0x64,0x4c,0xc5,0x4e,0x57,0x43,0xde,0x84,0x78,0x77,0xdf,0x83,0x1,0xe6,
  0x91,0x83,0xed,0xc0,0x46,0xe9,0x10,0xa3,0xb0,0x11,0x9b,0x55,0x9d,0x3e,0xef,0xb5,
  0x13,0xa2,0x1,0xfc,0x4,0x78,0x29,0xc0,0x7c,0xba,0x6e,0x49,0xcc,0xc3,0xff,0x61,
  0x2e,0xe3,0x12,0xe9,0x1c,0x1d,0xf0,0x12,0xb6,0x76,0xbc,0xf2,0xde,0x0,0xdc,0x7d,
  0xe2,0xba,0x43,0x9c,0x9e,0x67,0xca,0xa6,0x4e,0xe6,0xc6,0x2a,0x97,0xf5,0x19,0xe9,
  0x1c,0x89,0x5b,0x12,0xe2,0x79,0x8f,0x20,0xaf,0xef,0x2e,0x9b,0xfa,0xd7,0xc0,0xf3,
  0x21,0xe6,0xd5,0x41,0x47,0x80,0xdb,0xa5,0x43,0x8c,0xc1,0xed,0xd8,0xec,0xea,0xd4,
  0x3d,0xef,0x6a,0xc6,0xbb,0x90,0xef,0xef,0x5f,0x82,0xde,0x18,0x34,0x16,0x8f,0x95,
  0x4d,0xfd,0xa2,0x74,0x88,0x53,0xe5,0x32,0x3f,0x26,0x9d,0x23,0x41,0x41,0xf,0xa1,
  0x82,0x35,0x80,0xb2,0xa9,0x7f,0xb,0xfc,0x3c,0xd4,0xfc,0x3a,0xe2,0xaf,0xc0,0x52,
  0xe9,0x10,0xa7,0x61,0x29,0x76,0x19,0xd4,0xe8,0xfd,0xdc,0xd5,0x4a,0x10,0xa1,0xbf,
  0xe0,0x73,0x27,0x70,0x28,0xf0,0x3c,0x53,0xf6,0x70,0xd9,0xd4,0x7f,0x92,0xe,0x31,
  0x56,0x2e,0xfb,0xc3,0xd2,0x39,0x12,0x72,0x8,0x5b,0x23,0xc1,0x4,0x6d,0x0,0x65,
  0x53,0x37,0xc0,0x8a,0x90,0xf3,0x4c,0xd8,0x2b,0xc0,0x3,0xd2,0x21,0x5a,0xf0,0x0,
  0x76,0x59,0xd4,0xc9,0xad,0x70,0x35,0x12,0x8c,0xc4,0x37,0xfc,0xee,0x2,0x9e,0x12,
  0x98,0x6f,0x4a,0xe,0x2,0xfd,0x65,0x53,0xbf,0x21,0x1d,0xe4,0x74,0xb9,0x65,0xe8,
  0x47,0x5f,0x15,0x7f,0x32,0x4f,0x61,0x6b,0x23,0xa8,0xe0,0xd,0xc0,0x5d,0xda,0xf8,
  0x32,0xfa,0xe8,0xe8,0x7b,0x19,0x2,0xae,0x2f,0x9b,0xba,0x33,0x37,0xd3,0xb8,0x65,
  0xb9,0x1e,0x3d,0x9,0xfc,0x5e,0x76,0x0,0x5f,0x96,0x78,0xcd,0x9b,0xc8,0x57,0x7c,
  0xcb,0xa6,0x7e,0x13,0x98,0x7,0xbc,0x2e,0x31,0xff,0xc8,0xdd,0x5b,0x36,0xf5,0x1a,
  0xe9,0x10,0x6d,0x73,0xcb,0x74,0xaf,0x74,0x8e,0x8,0xbd,0xe,0xcc,0x73,0x35,0x11,
  0x9c,0xd8,0x67,0xbc,0xcb,0xa6,0x7e,0x19,0x58,0x8,0x1c,0x96,0xca,0x10,0xa1,0x35,
  0xc0,0x3d,0xd2,0x21,0x3c,0xba,0x7,0xbb,0x8c,0xca,0x3a,0xc,0x2c,0x74,0xb5,0x20,
  0x42,0xac,0x1,0x0,0x94,0x4d,0xbd,0x19,0xf8,0xa6,0x64,0x86,0x88,0x6c,0xc7,0xe,
  0xfd,0x3b,0x3b,0x4c,0x76,0xcb,0x76,0x3d,0xfa,0xac,0xc0,0xb0,0x6f,0xba,0x1a,0x10,
  0xd3,0x37,0x34,0x24,0xbf,0xbf,0x99,0xa2,0xfa,0xf,0xe0,0x1b,0xd2,0x39,0x4,0xed,
  0x1,0x66,0x95,0x4d,0x9d,0xc5,0xd9,0x72,0x53,0x54,0x17,0x60,0xdf,0x1d,0x30,0x55,
  0x3a,0x8b,0xa0,0x47,0xca,0xa6,0xfe,0x17,0xe9,0x10,0xa2,0x23,0x80,0x1e,0xdf,0x2,
  0x1e,0x91,0xe,0x21,0xa4,0x1,0x3e,0x93,0x4b,0xf1,0x3,0xb8,0x65,0xfd,0xc,0x76,
  0xd9,0x73,0xf4,0x8,0x76,0x9f,0x17,0x17,0xc5,0x8,0x60,0x98,0x29,0xaa,0x9b,0x80,
  0x7f,0x7,0xc6,0x4b,0x67,0x9,0x64,0xb,0xb0,0xa0,0x6c,0xea,0xbf,0x48,0x7,0x91,
  0x60,0x8a,0xea,0x3,0xc0,0x5a,0xe0,0x72,0xe9,0x2c,0x81,0x1c,0xc6,0xe,0xfb,0x7f,
  0x20,0x1d,0x64,0x58,0x2c,0x23,0x0,0x0,0xdc,0x8a,0x99,0x4b,0x1e,0x57,0x7,0x1e,
  0x5,0xae,0xcc,0xb5,0xf8,0x1,0xdc,0xb2,0x5f,0x89,0x5d,0x17,0x5d,0xf7,0x3a,0x30,
  0x37,0xa6,0xe2,0x87,0xc8,0x46,0x0,0xc3,0x4c,0x51,0x5d,0x88,0x7d,0xb5,0xd4,0x45,
  0xd2,0x59,0x3c,0x38,0xc,0x7c,0xbb,0x6c,0xea,0xef,0x4b,0x7,0x89,0x89,0x29,0xaa,
  0x9b,0x81,0x7f,0xa3,0x9b,0xa3,0xbf,0x1d,0xd8,0x4b,0x7d,0x62,0x67,0xfb,0xdf,0x4b,
  0x94,0xd,0x0,0xc0,0x14,0xd5,0x39,0xc0,0xcf,0x80,0xcf,0x4b,0x67,0x69,0xd1,0x1b,
  0xc0,0xa2,0x94,0x9e,0xed,0xf,0xc9,0x14,0xd5,0x1c,0x60,0x35,0x70,0xae,0x74,0x96,
  0x16,0x3d,0x85,0xbd,0xc9,0x47,0xe4,0x3a,0xff,0xc9,0x44,0x75,0x8,0xd0,0xab,0xe7,
  0x66,0xa1,0xfb,0xe8,0xc6,0x3,0x44,0xdb,0x80,0x4f,0x69,0xf1,0xbf,0x37,0xb7,0x6e,
  0x3e,0x45,0xdc,0x6f,0x3e,0x1e,0xad,0x43,0xd8,0x7d,0x57,0xec,0x26,0x9f,0xd1,0x88,
  0x76,0x4,0xd0,0xcb,0x14,0x55,0x1,0x7c,0x17,0xb8,0x16,0xe8,0x13,0x8e,0x73,0xaa,
  0x5e,0xc6,0x3e,0xe1,0xb5,0xba,0xcb,0xd7,0xf8,0xdb,0x64,0x8a,0xaa,0xf,0x58,0x84,
  0xdd,0xe6,0x17,0xa,0xc7,0x39,0x55,0x43,0xd8,0xc7,0xde,0xef,0xc,0xfd,0x60,0xcf,
  0x58,0x24,0xd1,0x0,0x86,0x99,0xa2,0xfa,0x24,0xf6,0x69,0xc2,0x2b,0xa4,0xb3,0x8c,
  0xc2,0x6b,0xc0,0x72,0xe0,0x87,0x65,0x53,0xbf,0x23,0x1d,0x26,0x45,0xa6,0xa8,0xde,
  0x7,0x7c,0x1d,0xfb,0x5e,0x81,0xf3,0x84,0xe3,0x8c,0xc6,0xf3,0xd8,0x57,0x79,0x5,
  0x7b,0x9e,0xff,0x74,0x25,0xd5,0x0,0x86,0x99,0xa2,0xfa,0x1c,0xb6,0x11,0x7c,0x42,
  0x3a,0xcb,0x8,0xde,0x2,0x56,0x2,0xf,0x95,0x4d,0xbd,0x5f,0x3a,0x4c,0x17,0x98,
  0xa2,0x9a,0x4,0xdc,0x6,0xdc,0xa,0x9c,0x25,0x1c,0x67,0x24,0x2f,0x61,0xb,0x3f,
  0xc8,0x6b,0xbc,0xda,0x94,0x64,0x3,0x0,0x30,0x45,0x35,0xe,0xf8,0x2a,0xf6,0xdd,
  0x73,0x33,0x85,0xe3,0x0,0xec,0x7,0x1e,0xc7,0x3e,0xcc,0xa3,0x5f,0xc7,0xf1,0xc0,
  0x14,0xd5,0x74,0x60,0x19,0xb0,0x18,0x98,0x24,0x1c,0x7,0xec,0x37,0x2f,0x1e,0x4,
  0x7e,0x22,0xf1,0x24,0x5f,0x1b,0x92,0x6d,0x0,0xbd,0x4c,0x51,0xcd,0xc4,0x3e,0x73,
  0xde,0xf,0x54,0x84,0x3b,0x4f,0x30,0x88,0xbd,0x5c,0xb9,0x1e,0xfb,0x22,0xc7,0x2e,
  0x9c,0xac,0x8c,0x9e,0x29,0xaa,0x9,0xd8,0xc3,0xc0,0xf9,0xd8,0x13,0xc5,0xd3,0x3,
  0xcd,0x7a,0x8,0xfb,0xbd,0xcb,0x1,0x60,0xc0,0xf7,0x47,0x3b,0x42,0xe8,0x44,0x3,
  0xe8,0x65,0x8a,0x6a,0x1a,0x70,0x35,0xb6,0x19,0xcc,0x1,0xce,0x6c,0x79,0x16,0x3b,
  0xb1,0x5,0xbf,0x1e,0xf8,0x8d,0x9e,0xd8,0x93,0xe5,0x4e,0x18,0x5e,0x8a,0x6d,0x6,
  0xf3,0x69,0x7f,0x34,0xf8,0x36,0xb0,0x9,0x5b,0xf4,0x4f,0xfa,0xfc,0x50,0xa7,0x84,
  0xce,0x35,0x80,0x5e,0xa6,0xa8,0xce,0xc6,0x36,0x81,0x12,0x98,0x81,0xfd,0xa5,0xe8,
  0xfd,0x3b,0x71,0x84,0xff,0xed,0x8,0xb0,0x17,0xd8,0x85,0xfd,0x85,0xdf,0xe5,0xfe,
  0xbd,0xa,0x6c,0x29,0x9b,0xfa,0xf7,0xfe,0x93,0xab,0xb1,0x32,0x45,0xf5,0x51,0xec,
  0xad,0xc5,0xe7,0x73,0xf4,0xb6,0x9e,0x1,0x4c,0x61,0xe4,0x4b,0xdf,0x7,0x39,0x7a,
  0x5b,0xf,0xff,0xb7,0x1,0x36,0x95,0x4d,0x7d,0xc0,0x7f,0x72,0x19,0x9d,0x6e,0x0,
  0x27,0x63,0x8a,0x6a,0x32,0x76,0x7,0x99,0x6,0x1c,0xc0,0x6e,0xf4,0x3d,0x65,0x53,
  0xbf,0x2b,0x1a,0x4c,0x79,0x61,0x8a,0xea,0xc,0xec,0x13,0x88,0xd3,0xb1,0xe7,0x10,
  0x76,0x3,0x83,0x65,0x53,0xef,0x13,0xd,0x26,0x28,0xeb,0x6,0xa0,0x54,0xee,0xa2,
  0xbd,0x13,0x50,0x29,0xe5,0x9f,0x36,0x0,0xa5,0x32,0xa6,0xd,0x40,0xa9,0x8c,0x69,
  0x3,0x50,0x2a,0x63,0xda,0x0,0x94,0xca,0x98,0x36,0x0,0xa5,0x32,0xa6,0xd,0x40,
  0xa9,0x8c,0x69,0x3,0x50,0x2a,0x63,0xda,0x0,0x94,0xca,0x98,0x36,0x0,0xa5,0x32,
  0xa6,0xd,0x40,0xa9,0x8c,0x69,0x3,0x50,0x2a,0x63,0xda,0x0,0x94,0xca,0x98,0x36,
  0x0,0xa5,0x32,0xa6,0xd,0x40,0xa9,0x8c,0x69,0x3,0x50,0x2a,0x63,0xda,0x0,0x94,
  0xca,0x98,0x36,0x0,0xa5,0x32,0xa6,0xd,0x40,0xa9,0x8c,0xfd,0x3f,0x75,0x30,0xbc,
  0xcb,0x35,0x67,0xdc,0x5b,0x0,0x0,0x0,0x0,0x49,0x45,0x4e,0x44,0xae,0x42,0x60,
  0x82,0x28,0x0,0x0,0x0,0x30,0x0,0x0,0x0,0x60,0x0,0x0,0x0,0x1,0x0,0x20,
  0x0,0x0,0x0,0x0,0x0,0x0,0x0,0x0,0x0,0x0,0x0,0x0,0x0,0x0,0x0,0x0,
  0x0,0x0,0x0,0x0,0x0,0x0,0x0,0x0,0x0,0xff,0xff,0xff,0x0,0xff,0xff,0xff,
  0x0,0xff,0xff,0xff,0x0,0xff,0xff,0xff,0x0,0xff,0xff,0xff,0x0,0xff,0xff,0xff,
  0x0,0xff,0xff,0xff,0x0,0xff,0xff,0xff,0x0,0xff,0xff,0xff,0x0,0xff,0xff,0xff,
  0x0,0xff,0xff,0xff,0x0,0xff,0xff,0xff,0x0,0xff,0xff,0xff,0x0,0xff,0xff,0xff,
  0x0,0xff,0xff,0xff,0x0,0xff,0xff,0xff,0x0,0xff,0xff,0xff,0x0,0xff,0xff,0xff,
  0x0,0xff,0xff,0xff,0x0,0xff,0xff,0xff,0x0,0xff,0xff,0xff,0x0,0xff,0xff,0xff,
  0x0,0xff,0xff,0xff,0x0,0xff,0xff,0xff,0x0,0xff,0xff,0xff,0x0,0xff,0xff,0xff,
  0x0,0xff,0xff,0xff,0x0,0xff,0xff,0xff,0x0,0xff,0xff,0xff,0x0,0xff,0xff,0xff,
  0x0,0xff,0xff,0xff,0x0,0xff,0xff,0xff,0x0,0xff,0xff,0xff,0x0,0xff,0xff,0xff,
  0x0,0xff,0xff,0xff,0x0,0xff,0xff,0xff,0x0,0xff,0xff,0xff,0x0,0xff,0xff,0xff,
  0x0,0xff,0xff,0xff,0x0,0xff,0xff,0xff,0x0,0xff,0xff,0xff,0x0,0xff,0xff,0xff,
  0x0,0xff,0xff,0xff,0x0,0xff,0xff,0xff,0x0,0xff,0xff,0xff,0x0,0xff,0xff,0xff,
  0x0,0xff,0xff,0xff,0x0,0xff,0xff,0xff,0x0,0xff,0xff,0xff,0x0,0xff,0xff,0xff,
  0x0,0xff,0xff,0xff,0x0,0xff,0xff,0xff,0x0,0xff,0xff,0xff,0x0,0xff,0xff,0xff,
  0x0,0xff,0xff,0xff,0x0,0xff,0xff,0xff,0x0,0xff,0xff,0xff,0x0,0xff,0xff,0xff,
  0x0,0xff,0xff,0xff,0x0,0xff,0xff,0xff,0x0,0xff,0xff,0xff,0x0,0xff,0xff,0xff,
  0x0,0xff,0xff,0xff,0x0,0xff,0xff,0xff,0x0,0xff,0xff,0xff,0x0,0xff,0xff,0xff,
  0x0,0xff,0xff,0xff,0x0,0xff,0xff,0xff,0x0,0xff,0xff,0xff,0x0,0xff,0xff,0xff,
  0x0,0xff,0xff,0xff,0x0,0xff,0xff,0xff,0x0,0xff,0xff,0xff,0x0,0xff,0xff,0xff,
  0x0,0xff,0xff,0xff,0x0,0xff,0xff,0xff,0x0,0xff,0xff,0xff,0x0,0xff,0xff,0xff,
  0x0,0xff,0xff,0xff,0x0,0xff,0xff,0xff,0x0,0xff,0xff,0xff,0x0,0xff,0xff,0xff,
  0x0,0xff,0xff,0xff,0x0,0xff,0xff,0xff,0x0,0xff,0xff,0xff,0x0,0xff,0xff,0xff,
  0x0,0xff,0xff,0xff,0x0,0xff,0xff,0xff,0x0,0xff,0xff,0xff,0x0,0xff,0xff,0xff,
  0x0,0xff,0xff,0xff,0x0,0xff,0xff,0xff,0x0,0xff,0xff,0xff,0x0,0xff,0xff,0xff,
  0x0,0xff,0xff,0xff,0x0,0xff,0xff,0xff,0x0,0xff,0xff,0xff,0x0,0xff,0xff,0xff,
  0x0,0xff,0xff,0xff,0x0,0xff,0xff,0xff,0x0,0xff,0xff,0xff,0x0,0xff,0xff,0xff,
  0x0,0xff,0xff,0xff,0x0,0xff,0xff,0xff,0x0,0xff,0xff,0xff,0x0,0xff,0xff,0xff,
  0x0,0xff,0xff,0xff,0x0,0xff,0xff,0xff,0x0,0xff,0xff,0xff,0x0,0xff,0xff,0xff,
  0x0,0xff,0xff,0xff,0x0,0xff,0xff,0xff,0x0,0xff,0xff,0xff,0x0,0xff,0xff,0xff,
  0x0,0xff,0xff,0xff,0x0,0xff,0xff,0xff,0x0,0xff,0xff,0xff,0x0,0xff,0xff,0xff,
  0x0,0xff,0xff,0xff,0x0,0xff,0xff,0xff,0x0,0xff,0xff,0xff,0x0,0xff,0xff,0xff,
  0x0,0xff,0xff,0xff,0x0,0xff,0xff,0xff,0x0,0xff,0xff,0xff,0x0,0xff,0xff,0xff,
  0x0,0xff,0xff,0xff,0x0,0xff,0xff,0xff,0x0,0xff,0xff,0xff,0x0,0xff,0xff,0xff,
  0x0,0xff,0xff,0xff,0x0,0xff,0xff,0xff,0x0,0xff,0xff,0xff,0x0,0xff,0xff,0xff,
  0x0,0xff,0xff,0xff,0x0,0xff,0xff,0xff,0x0,0xff,0xff,0xff,0x0,0xff,0xff,0xff,
  0x0,0xff,0xff,0xff,0x0,0xff,0xff,0xff,0x0,0xff,0xff,0xff,0x0,0xff,0xff,0xff,
  0x0,0xff,0xff,0xff,0x0,0xff,0xff,0xff,0x0,0xff,0xff,0xff,0x0,0xff,0xff,0xff,
  0x0,0xff,0xff,0xff,0x0,0xff,0xff,0xff,0x0,0xff,0xff,0xff,0x0,0xff,0xff,0xff,
  0x0,0xff,0xff,0xff,0x0,0xff,0xff,0xff,0x0,0xff,0xff,0xff,0x0,0xff,0xff,0xff,
  0x0,0xff,0xff,0xff,0x0,0x0,0x0,0xff,0x2,0x3c,0x1e,0xe1,0x11,0xff,0xff,0xff,
  0x0,0xff,0xff,0xff,0x0,0xff,0xff,0xff,0x0,0xff,0xff,0xff,0x0,0xff,0xff,0xff,
  0x0,0xff,0xff,0xff,0x0,0xff,0xff,0xff,0x0,0xff,0xff,0xff,0x0,0xff,0xff,0xff,
  0x0,0xff,0xff,0xff,0x0,0xff,0xff,0xff,0x0,0xff,0xff,0xff,0x0,0xff,0xff,0xff,
  0x0,0xff,0xff,0xff,0x0,0xff,0xff,0xff,0x0,0xff,0xff,0xff,0x0,0xff,0xff,0xff,
  0x0,0xff,0xff,0xff,0x0,0xff,0xff,0xff,0x0,0xff,0xff,0xff,0x0,0xff,0xff,0xff,
  0x0,0xff,0xff,0xff,0x0,0x3c,0x1e,0xe1,0x11,0x0,0x0,0xff,0x2,0xff,0xff,0xff,
  0x0,0xff,0xff,0xff,0x0,0xff,0xff,0xff,0x0,0xff,0xff,0xff,0x0,0xff,0xff,0xff,
  0x0,0xff,0xff,0xff,0x0,0xff,0xff,0xff,0x0,0xff,0xff,0xff,0x0,0xff,0xff,0xff,
  0x0,0xff,0xff,0xff,0x0,0xff,0xff,0xff,0x0,0xff,0xff,0xff,0x0,0xff,0xff,0xff,
  0x0,0xff,0xff,0xff,0x0,0xff,0xff,0xff,0x0,0xff,0xff,0xff,0x0,0xff,0xff,0xff,
  0x0,0xff,0xff,0xff,0x0,0xff,0xff,0xff,0x0,0x36,0x22,0xd7,0x26,0x37,0x20,0xda,
  0x8f,0x37,0x1f,0xda,0xc3,0x37,0x1f,0xda,0xf3,0x37,0x20,0xda,0xff,0x37,0x1f,0xda,
  0xe3,0x37,0x20,0xd9,0xb0,0x38,0x1f,0xd9,0x72,0x49,0x24,0xdb,0x7,0xff,0xff,0xff,
  0x0,0xff,0xff,0xff,0x0,0xff,0xff,0xff,0x0,0xff,0xff,0xff,0x0,0xff,0xff,0xff,
  0x0,0xff,0xff,0xff,0x0,0xff,0xff,0xff,0x0,0xff,0xff,0xff,0x0,0xff,0xff,0xff,
  0x0,0xff,0xff,0xff,0x0,0xff,0xff,0xff,0x0,0xff,0xff,0xff,0x0,0xff,0xff,0xff,
  0x0,0xff,0xff,0xff,0x0,0x49,0x24,0xdb,0x7,0x38,0x1f,0xd9,0x72,0x37,0x20,0xd9,
  0xb0,0x37,0x1f,0xda,0xe3,0x37,0x20,0xda,0xff,0x37,0x1f,0xda,0xf3,0x37,0x1f,0xda,
  0xc3,0x37,0x20,0xda,0x8f,0x36,0x22,0xd7,0x26,0xff,0xff,0xff,0x0,0xff,0xff,0xff,
  0x0,0xff,0xff,0xff,0x0,0xff,0xff,0xff,0x0,0xff,0xff,0xff,0x0,0xff,0xff,0xff,
  0x0,0xff,0xff,0xff,0x0,0xff,0xff,0xff,0x0,0xff,0xff,0xff,0x0,0xff,0xff,0xff,
  0x0,0xff,0xff,0xff,0x0,0xff,0xff,0xff,0x0,0xff,0xff,0xff,0x0,0xff,0xff,0xff,
  0x0,0x0,0x0,0xff,0x1,0x37,0x20,0xda,0x6f,0x37,0x20,0xda,0xf6,0x37,0x20,0xda,
  0xff,0x37,0x20,0xda,0xff,0x37,0x20,0xda,0xff,0x37,0x20,0xda,0xff,0x37,0x20,0xda,
  0xff,0x37,0x20,0xda,0xff,0x37,0x20,0xda,0xff,0x37,0x20,0xda,0xd4,0x37,0x1e,0xdc,
  0x33,0xff,0xff,0xff,0x0,0xff,0xff,0xff,0x0,0xff,0xff,0xff,0x0,0xff,0xff,0xff,
  0x0,0xff,0xff,0xff,0x0,0xff,0xff,0xff,0x0,0xff,0xff,0xff,0x0,0xff,0xff,0xff,
  0x0,0xff,0xff,0xff,0x0,0xff,0xff,0xff,0x0,0xff,0xff,0xff,0x0,0xff,0xff,0xff,
  0x0,0x37,0x1e,0xdc,0x33,0x37,0x20,0xda,0xd4,0x37,0x20,0xda,0xff,0x37,0x20,0xda,
  0xff,0x37,0x20,0xda,0xff,0x37,0x20,0xda,0xff,0x37,0x20,0xda,0xff,0x37,0x20,0xda,
  0xff,0x37,0x20,0xda,0xff,0x37,0x20,0xda,0xf6,0x37,0x20,0xda,0x6f,0x0,0x0,0xff,
  0x1,0xff,0xff,0xff,0x0,0xff,0xff,0xff,0x0,0xff,0xff,0xff,0x0,0xff,0xff,0xff,
  0x0,0xff,0xff,0xff,0x0,0xff,0xff,0xff,0x0,0xff,0xff,0xff,0x0,0xff,0xff,0xff,
  0x0,0xff,0xff,0xff,0x0,0xff,0xff,0xff,0x0,0xff,0xff,0xff,0x0,0x0,0x0,0xff,
  0x1,0x37,0x21,0xda,0xb4,0x37,0x20,0xda,0xff,0x37,0x20,0xda,0xff,0x37,0x20,0xda,
  0xff,0x37,0x20,0xda,0xff,0x37,0x20,0xda,0xff,0x37,0x20,0xda,0xff,0x37,0x20,0xda,
  0xff,0x37,0x20,0xda,0xff,0x37,0x20,0xda,0xff,0x37,0x20,0xda,0xff,0x37,0x1f,0xda,
  0xfb,0x38,0x1f,0xdb,0x5b,0xff,0xff,0xff,0x0,0xff,0xff,0xff,0x0,0xff,0xff,0xff,
  0x0,0xff,0xff,0xff,0x0,0xff,0xff,0xff,0x0,0xff,0xff,0xff,0x0,0xff,0xff,0xff,
  0x0,0xff,0xff,0xff,0x0,0xff,0xff,0xff,0x0,0xff,0xff,0xff,0x0,0x38,0x1f,0xdb,
  0x5b,0x37,0x1f,0xda,0xfb,0x37,0x20,0xda,0xff,0x37,0x20,0xda,0xff,0x37,0x20,0xda,
  0xff,0x37,0x20,0xda,0xff,0x37,0x20,0xda,0xff,0x37,0x20,0xda,0xff,0x37,0x20,0xda,
  0xff,0x37,0x20,0xda,0xff,0x37,0x20,0xda,0xff,0x37,0x20,0xda,0xff,0x37,0x21,0xda,
  0xb4,0x0,0x0,0xff,0x1,0xff,0xff,0xff,0x0,0xff,0xff,0xff,0x0,0xff,0xff,0xff,
  0x0,0xff,0xff,0xff,0x0,0xff,0xff,0xff,0x0,0xff,0xff,0xff,0x0,0xff,0xff,0xff,
  0x0,0xff,0xff,0xff,0x0,0xff,0xff,0xff,0x0,0xff,0xff,0xff,0x0,0x37,0x20,0xda,
  0x6f,0x37,0x20,0xda,0xff,0x37,0x20,0xda,0xff,0x37,0x20,0xda,0xff,0x37,0x20,0xda,
  0xff,0x37,0x20,0xda,0xff,0x37,0x20,0xda,0xff,0x37,0x20,0xda,0xff,0x37,0x20,0xda,
  0xff,0x37,0x20,0xda,0xff,0x37,0x20,0xda,0xff,0x37,0x20,0xda,0xff,0x37,0x20,0xda,
  0xff,0x37,0x20,0xda,0xf1,0x33,0x22,0xdd,0x1e,0xff,0xff,0xff,0x0,0xff,0xff,0xff,
  0x0,0xff,0xff,0xff,0x0,0xff,0xff,0xff,0x0,0xff,0xff,0xff,0x0,0xff,0xff,0xff,
  0x0,0xff,0xff,0xff,0x0,0xff,0xff,0xff,0x0,0x33,0x22,0xdd,0x1e,0x37,0x20,0xda,
  0xf1,0x37,0x20,0xda,0xff,0x37,0x20,0xda,0xff,0x37,0x20,0xda,0xff,0x37,0x20,0xda,
  0xff,0x37,0x20,0xda,0xff,0x37,0x20,0xda,0xff,0x37,0x20,0xda,0xff,0x37,0x20,0xda,
  0xff,0x37,0x20,0xda,0xff,0x37,0x20,0xda,0xff,0x37,0x20,0xda,0xff,0x37,0x20,0xda,
  0xff,0x37,0x20,0xda,0x6f,0xff,0xff,0xff,0x0,0xff,0xff,0xff,0x0,0xff,0xff,0xff,
  0x0,0xff,0xff,0xff,0x0,0xff,0xff,0xff,0x0,0xff,0xff,0xff,0x0,0xff,0xff,0xff,
  0x0,0xff,0xff,0xff,0x0,0xff,0xff,0xff,0x0,0x36,0x22,0xd7,0x26,0x37,0x20,0xda,
  0xf6,0x37,0x20,0xda,0xff,0x37,0x20,0xda,0xff,0x37,0x20,0xda,0xff,0x37,0x20,0xda,
  0xff,0x37,0x20,0xda,0xff,0x37,0x20,0xda,0xff,0x37,0x20,0xda,0xff,0x37,0x20,0xda,
  0xff,0x37,0x20,0xda,0xff,0x37,0x20,0xda,0xff,0x37,0x20,0xda,0xff,0x37,0x20,0xda,
  0xff,0x37,0x20,0xda,0xff,0x37,0x1f,0xda,0xbb,0x0,0x0,0xff,0x1,0xff,0xff,0xff,
  0x0,0xff,0xff,0xff,0x0,0xff,0xff,0xff,0x0,0xff,0xff,0xff,0x0,0xff,0xff,0xff,
  0x0,0xff,0xff,0xff,0x0,0x0,0x0,0xff,0x1,0x37,0x1f,0xda,0xbb,0x37,0x20,0xda,
  0xff,0x37,0x20,0xda,0xff,0x37,0x20,0xda,0xff,0x37,0x20,0xda,0xff,0x37,0x20,0xda,
  0xff,0x37,0x20,0xda,0xff,0x37,0x20,0xda,0xff,0x37,0x20,0xda,0xff,0x37,0x20,0xda,
  0xff,0x37,0x20,0xda,0xff,0x37,0x20,0xda,0xff,0x37,0x20,0xda,0xff,0x37,0x20,0xda,
  0xff,0x37,0x20,0xda,0xf6,0x36,0x22,0xd7,0x26,0xff,0xff,0xff,0x0,0xff,0xff,0xff,
  0x0,0xff,0xff,0xff,0x0,0xff,0xff,0xff,0x0,0xff,0xff,0xff,0x0,0xff,0xff,0xff,
  0x0,0xff,0xff,0xff,0x0,0xff,0xff,0xff,0x0,0x37,0x20,0xda,0x8f,0x37,0x20,0xda,
  0xff,0x37,0x20,0xda,0xff,0x37,0x20,0xda,0xff,0x37,0x20,0xda,0xff,0x37,0x20,0xda,
  0xff,0x37,0x20,0xda,0xff,0x37,0x20,0xda,0xff,0x37,0x20,0xda,0xff,0x37,0x20,0xda,
  0xff,0x37,0x20,0xda,0xff,0x37,0x20,0xda,0xff,0x37,0x20,0xda,0xff,0x37,0x20,0xda,
  0xff,0x37,0x20,0xda,0xff,0x37,0x20,0xda,0xff,0x36,0x21,0xd9,0x2f,0xff,0xff,0xff,
  0x0,0xff,0xff,0xff,0x0,0xff,0xff,0xff,0x0,0xff,0xff,0xff,0x0,0xff,0xff,0xff,
  0x0,0xff,0xff,0xff,0x0,0x36,0x21,0xd9,0x2f,0x37,0x20,0xda,0xff,0x37,0x20,0xda,
  0xff,0x37,0x20,0xda,0xff,0x37,0x20,0xda,0xff,0x37,0x20,0xda,0xff,0x37,0x20,0xda,
  0xff,0x37,0x20,0xda,0xff,0x37,0x20,0xda,0xff,0x37,0x20,0xda,0xff,0x37,0x20,0xda,
  0xff,0x37,0x20,0xda,0xff,0x37,0x20,0xda,0xff,0x37,0x20,0xda,0xff,0x37,0x20,0xda,
  0xff,0x37,0x20,0xda,0xff,0x37,0x20,0xda,0x8f,0xff,0xff,0xff,0x0,0xff,0xff,0xff,
  0x0,0xff,0xff,0xff,0x0,0xff,0xff,0xff,0x0,0xff,0xff,0xff,0x0,0xff,0xff,0xff,
  0x0,0xff,0xff,0xff,0x0,0xff,0xff,0xff,0x0,0x37,0x1f,0xda,0xc3,0x37,0x20,0xda,
  0xff,0x37,0x20,0xda,0xff,0x37,0x20,0xda,0xff,0x37,0x20,0xda,0xff,0x37,0x20,0xda,
  0xff,0x37,0x20,0xda,0xff,0x37,0x20,0xda,0xff,0x37,0x20,0xda,0xff,0x37,0x20,0xda,
  0xff,0x37,0x20,0xda,0xff,0x37,0x20,0xda,0xff,0x37,0x20,0xda,0xff,0x37,0x20,0xda,
  0xff,0x37,0x20,0xda,0xff,0x37,0x20,0xda,0xff,0x36,0x1f,0xdb,0x63,0xff,0xff,0xff,
  0x0,0xff,0xff,0xff,0x0,0xff,0xff,0xff,0x0,0xff,0xff,0xff,0x0,0xff,0xff,0xff,
  0x0,0xff,0xff,0xff,0x0,0x36,0x1f,0xdb,0x63,0x37,0x20,0xda,0xff,0x37,0x20,0xda,
  0xff,0x37,0x20,0xda,0xff,0x37,0x20,0xda,0xff,0x37,0x20,0xda,0xff,0x37,0x20,0xda,
  0xff,0x37,0x20,0xda,0xff,0x37,0x20,0xda,0xff,0x37,0x20,0xda,0xff,0x37,0x20,0xda,
  0xff,0x37,0x20,0xda,0xff,0x37,0x20,0xda,0xff,0x37,0x20,0xda,0xff,0x37,0x20,0xda,
  0xff,0x37,0x20,0xda,0xff,0x37,0x1f,0xda,0xc3,0xff,0xff,0xff,0x0,0xff,0xff,0xff,
  0x0,0xff,0xff,0xff,0x0,0xff,0xff,0xff,0x0,0xff,0xff,0xff,0x0,0xff,0xff,0xff,
  0x0,0xff,0xff,0xff,0x0,0x0,0x0,0xff,0x2,0x37,0x1f,0xda,0xf3,0x37,0x20,0xda,
  0xff,0x37,0x20,0xda,0xff,0x37,0x20,0xda,0xff,0x37,0x20,0xda,0xff,0x37,0x20,0xda,
  0xff,0x37,0x20,0xda,0xff,0x37,0x20,0xda,0xff,0x37,0x20,0xda,0xff,0x37,0x20,0xda,
  0xff,0x37,0x20,0xda,0xff,0x37,0x20,0xda,0xff,0x37,0x20,0xda,0xff,0x37,0x20,0xda,
  0xff,0x37,0x20,0xda,0xff,0x37,0x20,0xda,0xff,0x36,0x20,0xda,0x96,0xff,0xff,0xff,
  0x0,0xff,0xff,0xff,0x0,0xff,0xff,0xff,0x0,0xff,0xff,0xff,0x0,0xff,0xff,0xff,
  0x0,0xff,0xff,0xff,0x0,0x36,0x20,0xda,0x96,0x37,0x20,0xda,0xff,0x37,0x20,0xda,
  0xff,0x37,0x20,0xda,0xff,0x37,0x20,0xda,0xff,0x37,0x20,0xda,0xff,0x37,0x20,0xda,
  0xff,0x37,0x20,0xda,0xff,0x37,0x20,0xda,0xff,0x37,0x20,0xda,0xff,0x37,0x20,0xda,
  0xff,0x37,0x20,0xda,0xff,0x37,0x20,0xda,0xff,0x37,0x20,0xda,0xff,0x37,0x20,0xda,
  0xff,0x37,0x20,0xda,0xff,0x37,0x1f,0xda,0xf3,0x0,0x0,0xff,0x2,0xff,0xff,0xff,
  0x0,0xff,0xff,0xff,0x0,0xff,0xff,0xff,0x0,0xff,0xff,0xff,0x0,0xff,0xff,0xff,
  0x0,0xff,0xff,0xff,0x0,0x3c,0x1e,0xe1,0x11,0x37,0x20,0xda,0xff,0x37,0x20,0xda,
  0xff,0x37,0x20,0xda,0xff,0x37,0x20,0xda,0xff,0x37,0x20,0xda,0xff,0x37,0x20,0xda,
  0xff,0x37,0x20,0xda,0xff,0x37,0x20,0xda,0xff,0x37,0x20,0xda,0xff,0x37,0x20,0xda,
  0xff,0x37,0x20,0xda,0xff,0x37,0x20,0xda,0xff,0x37,0x20,0xda,0xff,0x37,0x20,0xda,
  0xff,0x37,0x20,0xda,0xff,0x37,0x20,0xda,0xff,0x37,0x20,0xda,0xb1,0xff,0xff,0xff,
  0x0,0xff,0xff,0xff,0x0,0xff,0xff,0xff,0x0,0xff,0xff,0xff,0x0,0xff,0xff,0xff,
  0x0,0xff,0xff,0xff,0x0,0x37,0x20,0xda,0xb1,0x37,0x20,0xda,0xff,0x37,0x20,0xda,
  0xff,0x37,0x20,0xda,0xff,0x37,0x20,0xda,0xff,0x37,0x20,0xda,0xff,0x37,0x20,0xda,
  0xff,0x37,0x20,0xda,0xff,0x37,0x20,0xda,0xff,0x37,0x20,0xda,0xff,0x37,0x20,0xda,
  0xff,0x37,0x20,0xda,0xff,0x37,0x20,0xda,0xff,0x37,0x20,0xda,0xff,0x37,0x20,0xda,
  0xff,0x37,0x20,0xda,0xff,0x37,0x20,0xda,0xff,0x3c,0x1e,0xe1,0x11,0xff,0xff,0xff,
  0x0,0xff,0xff,0xff,0x0,0xff,0xff,0xff,0x0,0xff,0xff,0xff,0x0,0xff,0xff,0xff,
  0x0,0xff,0xff,0xff,0x0,0xff,0xff,0xff,0x0,0x37,0x1f,0xda,0xe3,0x37,0x20,0xda,
  0xff,0x37,0x20,0xda,0xff,0x37,0x20,0xda,0xff,0x37,0x20,0xda,0xff,0x37,0x20,0xda,
  0xff,0x37,0x20,0xda,0xff,0x37,0x20,0xda,0xff,0x37,0x20,0xda,0xff,0x37,0x20,0xda,
  0xff,0x37,0x20,0xda,0xff,0x37,0x20,0xda,0xff,0x37,0x20,0xda,0xff,0x37,0x20,0xda,
  0xff,0x37,0x20,0xda,0xff,0x37,0x20,0xda,0xff,0x37,0x1f,0xda,0x83,0xff,0xff,0xff,
  0x0,0xff,0xff,0xff,0x0,0xff,0xff,0xff,0x0,0xff,0xff,0xff,0x0,0xff,0xff,0xff,
  0x0,0xff,0xff,0xff,0x0,0x37,0x1f,0xda,0x83,0x37,0x20,0xda,0xff,0x37,0x20,0xda,
  0xff,0x37,0x20,0xda,0xff,0x37,0x20,0xda,0xff,0x37,0x20,0xda,0xff,0x37,0x20,0xda,
  0xff,0x37,0x20,0xda,0xff,0x37,0x20,0xda,0xff,0x37,0x20,0xda,0xff,0x37,0x20,0xda,
  0xff,0x37,0x20,0xda,0xff,0x37,0x20,0xda,0xff,0x37,0x20,0xda,0xff,0x37,0x20,0xda,
  0xff,0x37,0x20,0xda,0xff,0x37,0x1f,0xda,0xe3,0xff,0xff,0xff,0x0,0xff,0xff,0xff,
  0x0,0xff,0xff,0xff,0x0,0xff,0xff,0xff,0x0,0xff,0xff,0xff,0x0,0xff,0xff,0xff,
  0x0,0xff,0xff,0xff,0x0,0xff,0xff,0xff,0x0,0x37,0x20,0xdb,0xaf,0x37,0x20,0xda,
  0xff,0x37,0x20,0xda,0xff,0x37,0x20,0xda,0xff,0x37,0x20,0xda,0xff,0x37,0x20,0xda,
  0xff,0x37,0x20,0xda,0xff,0x37,0x20,0xda,0xff,0x37,0x20,0xda,0xff,0x37,0x20,0xda,
  0xff,0x37,0x20,0xda,0xff,0x37,0x20,0xda,0xff,0x37,0x20,0xda,0xff,0x37,0x20,0xda,
  0xff,0x37,0x20,0xda,0xff,0x37,0x20,0xda,0xff,0x37,0x20,0xdb,0x4f,0xff,0xff,0xff,
  0x0,0xff,0xff,0xff,0x0,0xff,0xff,0xff,0x0,0xff,0xff,0xff,0x0,0xff,0xff,0xff,
  0x0,0xff,0xff,0xff,0x0,0x36,0x20,0xd9,0x50,0x37,0x20,0xda,0xff,0x37,0x20,0xda,
  0xff,0x37,0x20,0xda,0xff,0x37,0x20,0xda,0xff,0x37,0x20,0xda,0xff,0x37,0x20,0xda,
  0xff,0x37,0x20,0xda,0xff,0x37,0x20,0xda,0xff,0x37,0x20,0xda,0xff,0x37,0x20,0xda,
  0xff,0x37,0x20,0xda,0xff,0x37,0x20,0xda,0xff,0x37,0x20,0xda,0xff,0x37,0x20,0xda,
  0xff,0x37,0x20,0xda,0xff,0x37,0x20,0xd9,0xb0,0xff,0xff,0xff,0x0,0xff,0xff,0xff,
  0x0,0xff,0xff,0xff,0x0,0xff,0xff,0xff,0x0,0xff,0xff,0xff,0x0,0xff,0xff,0xff,
  0x0,0xff,0xff,0xff,0x0,0xff,0xff,0xff,0x0,0x38,0x1f,0xd9,0x72,0x37,0x20,0xda,
  0xff,0x37,0x20,0xda,0xff,0x37,0x20,0xda,0xff,0x37,0x20,0xda,0xff,0x37,0x20,0xda,
  0xff,0x37,0x20,0xda,0xff,0x37,0x20,0xda,0xff,0x37,0x20,0xda,0xff,0x37,0x20,0xda,
  0xff,0x37,0x20,0xda,0xff,0x37,0x20,0xda,0xff,0x37,0x20,0xda,0xff,0x37,0x20,0xda,
  0xff,0x37,0x20,0xda,0xff,0x37,0x20,0xda,0xf9,0x35,0x20,0xdf,0x18,0xff,0xff,0xff,
  0x0,0xff,0xff,0xff,0x0,0xff,0xff,0xff,0x0,0xff,0xff,0xff,0x0,0xff,0xff,0xff,
  0x0,0xff,0xff,0xff,0x0,0x35,0x20,0xdf,0x18,0x37,0x20,0xda,0xf9,0x37,0x20,0xda,
  0xff,0x37,0x20,0xda,0xff,0x37,0x20,0xda,0xff,0x37,0x20,0xda,0xff,0x37,0x20,0xda,
  0xff,0x37,0x20,0xda,0xff,0x37,0x20,0xda,0xff,0x37,0x20,0xda,0xff,0x37,0x20,0xda,
  0xff,0x37,0x20,0xda,0xff,0x37,0x20,0xda,0xff,0x37,0x20,0xda,0xff,0x37,0x20,0xda,
  0xff,0x37,0x20,0xda,0xff,0x38,0x1f,0xd9,0x72,0xff,0xff,0xff,0x0,0xff,0xff,0xff,
  0x0,0xff,0xff,0xff,0x0,0xff,0xff,0xff,0x0,0xff,0xff,0xff,0x0,0xff,0xff,0xff,
  0x0,0xff,0xff,0xff,0x0,0xff,0xff,0xff,0x0,0x49,0x24,0xdb,0x7,0x37,0x20,0xda,
  0xd4,0x37,0x20,0xda,0xff,0x37,0x20,0xda,0xff,0x37,0x20,0xda,0xff,0x37,0x20,0xda,
  0xff,0x37,0x20,0xda,0xff,0x37,0x20,0xda,0xff,0x37,0x20,0xda,0xff,0x37,0x20,0xda,
  0xff,0x37,0x20,0xda,0xff,0x37,0x20,0xda,0xff,0x37,0x20,0xda,0xff,0x37,0x20,0xda,
  0xff,0x37,0x20,0xda,0xff,0x38,0x1f,0xda,0x7b,0xff,0xff,0xff,0x0,0xff,0xff,0xff,
  0x0,0xff,0xff,0xff,0x0,0xff,0xff,0xff,0x0,0xff,0xff,0xff,0x0,0xff,0xff,0xff,
  0x0,0xff,0xff,0xff,0x0,0xff,0xff,0xff,0x0,0x38,0x1f,0xda,0x7b,0x37,0x20,0xda,
  0xff,0x37,0x20,0xda,0xff,0x37,0x20,0xda,0xff,0x37,0x20,0xda,0xff,0x37,0x20,0xda,
  0xff,0x37,0x20,0xda,0xff,0x37,0x20,0xda,0xff,0x37,0x20,0xda,0xff,0x37,0x20,0xda,
  0xff,0x37,0x20,0xda,0xff,0x37,0x20,0xda,0xff,0x37,0x20,0xda,0xff,0x37,0x20,0xda,
  0xff,0x37,0x20,0xda,0xd4,0x49,0x24,0xdb,0x7,0xff,0xff,0xff,0x0,0xff,0xff,0xff,
  0x0,0xff,0xff,0xff,0x0,0xff,0xff,0xff,0x0,0xff,0xff,0xff,0x0,0xff,0xff,0xff,
  0x0,0xff,0xff,0xff,0x0,0xff,0xff,0xff,0x0,0xff,0xff,0xff,0x0,0x37,0x1e,0xdc,
  0x33,0x37,0x1f,0xda,0xfb,0x37,0x20,0xda,0xff,0x37,0x20,0xda,0xff,0x37,0x20,0xda,
  0xff,0x37,0x20,0xda,0xff,0x37,0x20,0xda,0xff,0x37,0x20,0xda,0xff,0x37,0x20,0xda,
  0xff,0x37,0x20,0xda,0xff,0x37,0x20,0xda,0xff,0x37,0x20,0xda,0xff,0x37,0x20,0xda,
  0xff,0x38,0x20,0xda,0xca,0x40,0x40,0xbf,0x4,0xff,0xff,0xff,0x0,0xff,0xff,0xff,
  0x0,0xff,0xff,0xff,0x0,0xff,0xff,0xff,0x0,0xff,0xff,0xff,0x0,0xff,0xff,0xff,
  0x0,0xff,0xff,0xff,0x0,0xff,0xff,0xff,0x0,0x40,0x40,0xbf,0x4,0x38,0x20,0xda,
  0xca,0x37,0x20,0xda,0xff,0x37,0x20,0xda,0xff,0x37,0x20,0xda,0xff,0x37,0x20,0xda,
  0xff,0x37,0x20,0xda,0xff,0x37,0x20,0xda,0xff,0x37,0x20,0xda,0xff,0x37,0x20,0xda,
  0xff,0x37,0x20,0xda,0xff,0x37,0x20,0xda,0xff,0x37,0x20,0xda,0xff,0x37,0x1f,0xda,
  0xfb,0x37,0x1e,0xdc,0x33,0xff,0xff,0xff,0x0,0xff,0xff,0xff,0x0,0xff,0xff,0xff,
  0x0,0xff,0xff,0xff,0x0,0xff,0xff,0xff,0x0,0xff,0xff,0xff,0x0,0xff,0xff,0xff,
  0x0,0xff,0xff,0xff,0x0,0xff,0xff,0xff,0x0,0xff,0xff,0xff,0x0,0xff,0xff,0xff,
  0x0,0x38,0x1f,0xdb,0x5b,0x37,0x20,0xda,0xf1,0x37,0x20,0xda,0xff,0x37,0x20,0xda,
  0xff,0x37,0x20,0xda,0xff,0x37,0x20,0xda,0xff,0x37,0x20,0xda,0xff,0x37,0x20,0xda,
  0xff,0x37,0x20,0xda,0xff,0x37,0x20,0xda,0xff,0x37,0x20,0xda,0xff,0x38,0x20,0xda,
  0xca,0x36,0x1f,0xd8,0x21,0xff,0xff,0xff,0x0,0xff,0xff,0xff,0x0,0xff,0xff,0xff,
  0x0,0xff,0xff,0xff,0x0,0xff,0xff,0xff,0x0,0xff,0xff,0xff,0x0,0xff,0xff,0xff,
  0x0,0xff,0xff,0xff,0x0,0xff,0xff,0xff,0x0,0xff,0xff,0xff,0x0,0x36,0x1f,0xd8,
  0x21,0x38,0x20,0xda,0xca,0x37,0x20,0xda,0xff,0x37,0x20,0xda,0xff,0x37,0x20,0xda,
  0xff,0x37,0x20,0xda,0xff,0x37,0x20,0xda,0xff,0x37,0x20,0xda,0xff,0x37,0x20,0xda,
  0xff,0x37,0x20,0xda,0xff,0x37,0x20,0xda,0xff,0x37,0x20,0xda,0xf1,0x38,0x1f,0xdb,
  0x5b,0xff,0xff,0xff,0x0,0xff,0xff,0xff,0x0,0xff,0xff,0xff,0x0,0xff,0xff,0xff,
  0x0,0xff,0xff,0xff,0x0,0xff,0xff,0xff,0x0,0xff,0xff,0xff,0x0,0xff,0xff,0xff,
  0x0,0xff,0xff,0xff,0x0,0xff,0xff,0xff,0x0,0xff,0xff,0xff,0x0,0xff,0xff,0xff,
  0x0,0xff,0xff,0xff,0x0,0x33,0x22,0xdd,0x1e,0x37,0x1f,0xda,0xbb,0x37,0x20,0xda,
  0xff,0x37,0x20,0xda,0xff,0x37,0x20,0xda,0xff,0x37,0x20,0xda,0xff,0x37,0x20,0xda,
  0xff,0x37,0x20,0xda,0xff,0x37,0x20,0xda,0xf9,0x38,0x1f,0xda,0x7b,0x40,0x40,0xbf,
  0x4,0xff,0xff,0xff,0x0,0xff,0xff,0xff,0x0,0xff,0xff,0xff,0x0,0xff,0xff,0xff,
  0x0,0xff,0xff,0xff,0x0,0xff,0xff,0xff,0x0,0xff,0xff,0xff,0x0,0xff,0xff,0xff,
  0x0,0xff,0xff,0xff,0x0,0xff,0xff,0xff,0x0,0xff,0xff,0xff,0x0,0xff,0xff,0xff,
  0x0,0x40,0x40,0xbf,0x4,0x38,0x1f,0xda,0x7b,0x37,0x20,0xda,0xf9,0x37,0x20,0xda,
  0xff,0x37,0x20,0xda,0xff,0x37,0x20,0xda,0xff,0x37,0x20,0xda,0xff,0x37,0x20,0xda,
  0xff,0x37,0x20,0xda,0xff,0x37,0x1f,0xda,0xbb,0x33,0x22,0xdd,0x1e,0xff,0xff,0xff,
  0x0,0xff,0xff,0xff,0x0,0xff,0xff,0xff,0x0,0xff,0xff,0xff,0x0,0xff,0xff,0xff,
  0x0,0xff,0xff,0xff,0x0,0xff,0xff,0xff,0x0,0xff,0xff,0xff,0x0,0xff,0xff,0xff,
  0x0,0xff,0xff,0xff,0x0,0xff,0xff,0xff,0x0,0xff,0xff,0xff,0x0,0xff,0xff,0xff,
  0x0,0xff,0xff,0xff,0x0,0xff,0xff,0xff,0x0,0x0,0x0,0xff,0x1,0x36,0x21,0xd9,
  0x2f,0x36,0x1f,0xdb,0x63,0x36,0x20,0xda,0x96,0x37,0x20,0xda,0xb1,0x37,0x1f,0xda,
  0x83,0x36,0x20,0xd9,0x50,0x35,0x20,0xdf,0x18,0xff,0xff,0xff,0x0,0xff,0xff,0xff,
  0x0,0xff,0xff,0xff,0x0,0xff,0xff,0xff,0x0,0xff,0xff,0xff,0x0,0xff,0xff,0xff,
  0x0,0xff,0xff,0xff,0x0,0xff,0xff,0xff,0x0,0xff,0xff,0xff,0x0,0xff,0xff,0xff,
  0x0,0xff,0xff,0xff,0x0,0xff,0xff,0xff,0x0,0xff,0xff,0xff,0x0,0xff,0xff,0xff,
  0x0,0xff,0xff,0xff,0x0,0xff,0xff,0xff,0x0,0x35,0x20,0xdf,0x18,0x36,0x20,0xd9,
  0x50,0x37,0x1f,0xda,0x83,0x37,0x20,0xda,0xb1,0x36,0x20,0xda,0x96,0x36,0x1f,0xdb,
  0x63,0x36,0x21,0xd9,0x2f,0x0,0x0,0xff,0x1,0xff,0xff,0xff,0x0,0xff,0xff,0xff,
  0x0,0xff,0xff,0xff,0x0,0xff,0xff,0xff,0x0,0xff,0xff,0xff,0x0,0xff,0xff,0xff,
  0x0,0xff,0xff,0xff,0x0,0xff,0xff,0xff,0x0,0xff,0xff,0xff,0x0,0xff,0xff,0xff,
  0x0,0xff,0xff,0xff,0x0,0xff,0xff,0xff,0x0,0xff,0xff,0xff,0x0,0xff,0xff,0xff,
  0x0,0xff,0xff,0xff,0x0,0xff,0xff,0xff,0x0,0xff,0xff,0xff,0x0,0xff,0xff,0xff,
  0x0,0xff,0xff,0xff,0x0,0xff,0xff,0xff,0x0,0xff,0xff,0xff,0x0,0xff,0xff,0xff,
  0x0,0xff,0xff,0xff,0x0,0xff,0xff,0xff,0x0,0xff,0xff,0xff,0x0,0xff,0xff,0xff,
  0x0,0xff,0xff,0xff,0x0,0xff,0xff,0xff,0x0,0xff,0xff,0xff,0x0,0xff,0xff,0xff,
  0x0,0xff,0xff,0xff,0x0,0xff,0xff,0xff,0x0,0xff,0xff,0xff,0x0,0xff,0xff,0xff,
  0x0,0xff,0xff,0xff,0x0,0xff,0xff,0xff,0x0,0xff,0xff,0xff,0x0,0xff,0xff,0xff,
  0x0,0xff,0xff,0xff,0x0,0xff,0xff,0xff,0x0,0xff,0xff,0xff,0x0,0xff,0xff,0xff,
  0x0,0xff,0xff,0xff,0x0,0xff,0xff,0xff,0x0,0xff,0xff,0xff,0x0,0xff,0xff,0xff,
  0x0,0xff,0xff,0xff,0x0,0xff,0xff,0xff,0x0,0xff,0xff,0xff,0x0,0xff,0xff,0xff,
  0x0,0xff,0xff,0xff,0x0,0xff,0xff,0xff,0x0,0xff,0xff,0xff,0x0,0xff,0xff,0xff,
  0x0,0xff,0xff,0xff,0x0,0xff,0xff,0xff,0x0,0xff,0xff,0xff,0x0,0xff,0xff,0xff,
  0x0,0xff,0xff,0xff,0x0,0xff,0xff,0xff,0x0,0xff,0xff,0xff,0x0,0xff,0xff,0xff,
  0x0,0xff,0xff,0xff,0x0,0xff,0xff,0xff,0x0,0xff,0xff,0xff,0x0,0xff,0xff,0xff,
  0x0,0xff,0xff,0xff,0x0,0xff,0xff,0xff,0x0,0xff,0xff,0xff,0x0,0xff,0xff,0xff,
  0x0,0xff,0xff,0xff,0x0,0xff,0xff,0xff,0x0,0xff,0xff,0xff,0x0,0xff,0xff,0xff,
  0x0,0xff,0xff,0xff,0x0,0xff,0xff,0xff,0x0,0xff,0xff,0xff,0x0,0xff,0xff,0xff,
  0x0,0xff,0xff,0xff,0x0,0xff,0xff,0xff,0x0,0xff,0xff,0xff,0x0,0xff,0xff,0xff,
  0x0,0xff,0xff,0xff,0x0,0xff,0xff,0xff,0x0,0xff,0xff,0xff,0x0,0xff,0xff,0xff,
  0x0,0xff,0xff,0xff,0x0,0xff,0xff,0xff,0x0,0xff,0xff,0xff,0x0,0xff,0xff,0xff,
  0x0,0xff,0xff,0xff,0x0,0xff,0xff,0xff,0x0,0xff,0xff,0xff,0x0,0xff,0xff,0xff,
  0x0,0xff,0xff,0xff,0x0,0xff,0xff,0xff,0x0,0xff,0xff,0xff,0x0,0xff,0xff,0xff,
  0x0,0xff,0xff,0xff,0x0,0xff,0xff,0xff,0x0,0xff,0xff,0xff,0x0,0xff,0xff,0xff,
  0x0,0xff,0xff,0xff,0x0,0xff,0xff,0xff,0x0,0xff,0xff,0xff,0x0,0xff,0xff,0xff,
  0x0,0xff,0xff,0xff,0x0,0xff,0xff,0xff,0x0,0xff,0xff,0xff,0x0,0xff,0xff,0xff,
  0x0,0xff,0xff,0xff,0x0,0xff,0xff,0xff,0x0,0xff,0xff,0xff,0x0,0xff,0xff,0xff,
  0x0,0xff,0xff,0xff,0x0,0xff,0xff,0xff,0x0,0xff,0xff,0xff,0x0,0xff,0xff,0xff,
  0x0,0xff,0xff,0xff,0x0,0xff,0xff,0xff,0x0,0xff,0xff,0xff,0x0,0xff,0xff,0xff,
  0x0,0xff,0xff,0xff,0x0,0xff,0xff,0xff,0x0,0xff,0xff,0xff,0x0,0xff,0xff,0xff,
  0x0,0xff,0xff,0xff,0x0,0xff,0xff,0xff,0x0,0xff,0xff,0xff,0x0,0xff,0xff,0xff,
  0x0,0xff,0xff,0xff,0x0,0xff,0xff,0xff,0x0,0xff,0xff,0xff,0x0,0xff,0xff,0xff,
  0x0,0xff,0xff,0xff,0x0,0xff,0xff,0xff,0x0,0xff,0xff,0xff,0x0,0xff,0xff,0xff,
  0x0,0xff,0xff,0xff,0x0,0xff,0xff,0xff,0x0,0xff,0xff,0xff,0x0,0xff,0xff,0xff,
  0x0,0xff,0xff,0xff,0x0,0xff,0xff,0xff,0x0,0xff,0xff,0xff,0x0,0xff,0xff,0xff,
  0x0,0xff,0xff,0xff,0x0,0xff,0xff,0xff,0x0,0xff,0xff,0xff,0x0,0xff,0xff,0xff,
  0x0,0xff,0xff,0xff,0x0,0xff,0xff,0xff,0x0,0xff,0xff,0xff,0x0,0xff,0xff,0xff,
  0x0,0xff,0xff,0xff,0x0,0xff,0xff,0xff,0x0,0xff,0xff,0xff,0x0,0xff,0xff,0xff,
  0x0,0xff,0xff,0xff,0x0,0xff,0xff,0xff,0x0,0xff,0xff,0xff,0x0,0xff,0xff,0xff,
  0x0,0xff,0xff,0xff,0x0,0xff,0xff,0xff,0x0,0xff,0xff,0xff,0x0,0xff,0xff,0xff,
  0x0,0xff,0xff,0xff,0x0,0xff,0xff,0xff,0x0,0xff,0xff,0xff,0x0,0xff,0xff,0xff,
  0x0,0xff,0xff,0xff,0x0,0xff,0xff,0xff,0x0,0xff,0xff,0xff,0x0,0xff,0xff,0xff,
  0x0,0xff,0xff,0xff,0x0,0xff,0xff,0xff,0x0,0xff,0xff,0xff,0x0,0xff,0xff,0xff,
  0x0,0xff,0xff,0xff,0x0,0xff,0xff,0xff,0x0,0xff,0xff,0xff,0x0,0xff,0xff,0xff,
  0x0,0xff,0xff,0xff,0x0,0xff,0xff,0xff,0x0,0xff,0xff,0xff,0x0,0xff,0xff,0xff,
  0x0,0xff,0xff,0xff,0x0,0xff,0xff,0xff,0x0,0xff,0xff,0xff,0x0,0xff,0xff,0xff,
  0x0,0xff,0xff,0xff,0x0,0xff,0xff,0xff,0x0,0xff,0xff,0xff,0x0,0xff,0xff,0xff,
  0x0,0xff,0xff,0xff,0x0,0xff,0xff,0xff,0x0,0xff,0xff,0xff,0x0,0xff,0xff,0xff,
  0x0,0xff,0xff,0xff,0x0,0xff,0xff,0xff,0x0,0xff,0xff,0xff,0x0,0xff,0xff,0xff,
  0x0,0xff,0xff,0xff,0x0,0xff,0xff,0xff,0x0,0xff,0xff,0xff,0x0,0xff,0xff,0xff,
  0x0,0xff,0xff,0xff,0x0,0xff,0xff,0xff,0x0,0xff,0xff,0xff,0x0,0xff,0xff,0xff,
  0x0,0xff,0xff,0xff,0x0,0xff,0xff,0xff,0x0,0xff,0xff,0xff,0x0,0xff,0xff,0xff,
  0x0,0xff,0xff,0xff,0x0,0xff,0xff,0xff,0x0,0xff,0xff,0xff,0x0,0xff,0xff,0xff,
  0x0,0xff,0xff,0xff,0x0,0xff,0xff,0xff,0x0,0xff,0xff,0xff,0x0,0xff,0xff,0xff,
  0x0,0xff,0xff,0xff,0x0,0xff,0xff,0xff,0x0,0xff,0xff,0xff,0x0,0xff,0xff,0xff,
  0x0,0xff,0xff,0xff,0x0,0xff,0xff,0xff,0x0,0xff,0xff,0xff,0x0,0xff,0xff,0xff,
  0x0,0xff,0xff,0xff,0x0,0xff,0xff,0xff,0x0,0xff,0xff,0xff,0x0,0xff,0xff,0xff,
  0x0,0xff,0xff,0xff,0x0,0xff,0xff,0xff,0x0,0xff,0xff,0xff,0x0,0xff,0xff,0xff,
  0x0,0xff,0xff,0xff,0x0,0xff,0xff,0xff,0x0,0xff,0xff,0xff,0x0,0xff,0xff,0xff,
  0x0,0xff,0xff,0xff,0x0,0xff,0xff,0xff,0x0,0xff,0xff,0xff,0x0,0xff,0xff,0xff,
  0x0,0xff,0xff,0xff,0x0,0xff,0xff,0xff,0x0,0xff,0xff,0xff,0x0,0xff,0xff,0xff,
  0x0,0xff,0xff,0xff,0x0,0xff,0xff,0xff,0x0,0xff,0xff,0xff,0x0,0xff,0xff,0xff,
  0x0,0xff,0xff,0xff,0x0,0xff,0xff,0xff,0x0,0xff,0xff,0xff,0x0,0xff,0xff,0xff,
  0x0,0xff,0xff,0xff,0x0,0xff,0xff,0xff,0x0,0xff,0xff,0xff,0x0,0xff,0xff,0xff,
  0x0,0xff,0xff,0xff,0x0,0xff,0xff,0xff,0x0,0xff,0xff,0xff,0x0,0xff,0xff,0xff,
  0x0,0xff,0xff,0xff,0x0,0xff,0xff,0xff,0x0,0xff,0xff,0xff,0x0,0xff,0xff,0xff,
  0x0,0xff,0xff,0xff,0x0,0xff,0xff,0xff,0x0,0xff,0xff,0xff,0x0,0xff,0xff,0xff,
  0x0,0xff,0xff,0xff,0x0,0xff,0xff,0xff,0x0,0xff,0xff,0xff,0x0,0xff,0xff,0xff,
  0x0,0xff,0xff,0xff,0x0,0xff,0xff,0xff,0x0,0xff,0xff,0xff,0x0,0xff,0xff,0xff,
  0x0,0xff,0xff,0xff,0x0,0xff,0xff,0xff,0x0,0xff,0xff,0xff,0x0,0xff,0xff,0xff,
  0x0,0xff,0xff,0xff,0x0,0xff,0xff,0xff,0x0,0xff,0xff,0xff,0x0,0xff,0xff,0xff,
  0x0,0xff,0xff,0xff,0x0,0xff,0xff,0xff,0x0,0xff,0xff,0xff,0x0,0xff,0xff,0xff,
  0x0,0xff,0xff,0xff,0x0,0xff,0xff,0xff,0x0,0xff,0xff,0xff,0x0,0xff,0xff,0xff,
  0x0,0xff,0xff,0xff,0x0,0xff,0xff,0xff,0x0,0xff,0xff,0xff,0x0,0xff,0xff,0xff,
  0x0,0xff,0xff,0xff,0x0,0xff,0xff,0xff,0x0,0x0,0x0,0xff,0x1,0x36,0x21,0xd9,
  0x2f,0x36,0x1f,0xdb,0x63,0x36,0x20,0xda,0x96,0x37,0x20,0xda,0xb1,0x37,0x1f,0xda,
  0x83,0x36,0x20,0xd9,0x50,0x35,0x20,0xdf,0x18,0xff,0xff,0xff,0x0,0xff,0xff,0xff,
  0x0,0xff,0xff,0xff,0x0,0xff,0xff,0xff,0x0,0xff,0xff,0xff,0x0,0xff,0xff,0xff,
  0x0,0xff,0xff,0xff,0x0,0xff,0xff,0xff,0x0,0xff,0xff,0xff,0x0,0xff,0xff,0xff,
  0x0,0xff,0xff,0xff,0x0,0xff,0xff,0xff,0x0,0xff,0xff,0xff,0x0,0xff,0xff,0xff,
  0x0,0xff,0xff,0xff,0x0,0xff,0xff,0xff,0x0,0x35,0x20,0xdf,0x18,0x36,0x20,0xd9,
  0x50,0x37,0x1f,0xda,0x83,0x37,0x20,0xda,0xb1,0x36,0x20,0xda,0x96,0x36,0x1f,0xdb,
  0x63,0x36,0x21,0xd9,0x2f,0x0,0x0,0xff,0x1,0xff,0xff,0xff,0x0,0xff,0xff,0xff,
  0x0,0xff,0xff,0xff,0x0,0xff,0xff,0xff,0x0,0xff,0xff,0xff,0x0,0xff,0xff,0xff,
  0x0,0xff,0xff,0xff,0x0,0xff,0xff,0xff,0x0,0xff,0xff,0xff,0x0,0xff,0xff,0xff,
  0x0,0xff,0xff,0xff,0x0,0xff,0xff,0xff,0x0,0xff,0xff,0xff,0x0,0xff,0xff,0xff,
  0x0,0xff,0xff,0xff,0x0,0x33,0x22,0xdd,0x1e,0x37,0x1f,0xda,0xbb,0x37,0x20,0xda,
  0xff,0x37,0x20,0xda,0xff,0x37,0x20,0xda,0xff,0x37,0x20,0xda,0xff,0x37,0x20,0xda,
  0xff,0x37,0x20,0xda,0xff,0x37,0x20,0xda,0xf9,0x38,0x1f,0xda,0x7b,0x40,0x40,0xbf,
  0x4,0xff,0xff,0xff,0x0,0xff,0xff,0xff,0x0,0xff,0xff,0xff,0x0,0xff,0xff,0xff,
  0x0,0xff,0xff,0xff,0x0,0xff,0xff,0xff,0x0,0xff,0xff,0xff,0x0,0xff,0xff,0xff,
  0x0,0xff,0xff,0xff,0x0,0xff,0xff,0xff,0x0,0xff,0xff,0xff,0x0,0xff,0xff,0xff,
  0x0,0x40,0x40,0xbf,0x4,0x38,0x1f,0xda,0x7b,0x37,0x20,0xda,0xf9,0x37,0x20,0xda,
  0xff,0x37,0x20,0xda,0xff,0x37,0x20,0xda,0xff,0x37,0x20,0xda,0xff,0x37,0x20,0xda,
  0xff,0x37,0x20,0xda,0xff,0x37,0x1f,0xda,0xbb,0x33,0x22,0xdd,0x1e,0xff,0xff,0xff,
  0x0,0xff,0xff,0xff,0x0,0xff,0xff,0xff,0x0,0xff,0xff,0xff,0x0,0xff,0xff,0xff,
  0x0,0xff,0xff,0xff,0x0,0xff,0xff,0xff,0x0,0xff,0xff,0xff,0x0,0xff,0xff,0xff,
  0x0,0xff,0xff,0xff,0x0,0xff,0xff,0xff,0x0,0xff,0xff,0xff,0x0,0xff,0xff,0xff,
  0x0,0x38,0x1f,0xdb,0x5b,0x37,0x20,0xda,0xf1,0x37,0x20,0xda,0xff,0x37,0x20,0xda,
  0xff,0x37,0x20,0xda,0xff,0x37,0x20,0xda,0xff,0x37,0x20,0xda,0xff,0x37,0x20,0xda,
  0xff,0x37,0x20,0xda,0xff,0x37,0x20,0xda,0xff,0x37,0x20,0xda,0xff,0x38,0x20,0xda,
  0xca,0x36,0x1f,0xd8,0x21,0xff,0xff,0xff,0x0,0xff,0xff,0xff,0x0,0xff,0xff,0xff,
  0x0,0xff,0xff,0xff,0x0,0xff,0xff,0xff,0x0,0xff,0xff,0xff,0x0,0xff,0xff,0xff,
  0x0,0xff,0xff,0xff,0x0,0xff,0xff,0xff,0x0,0xff,0xff,0xff,0x0,0x36,0x1f,0xd8,
  0x21,0x38,0x20,0xda,0xca,0x37,0x20,0xda,0xff,0x37,0x20,0xda,0xff,0x37,0x20,0xda,
  0xff,0x37,0x20,0xda,0xff,0x37,0x20,0xda,0xff,0x37,0x20,0xda,0xff,0x37,0x20,0xda,
  0xff,0x37,0x20,0xda,0xff,0x37,0x20,0xda,0xff,0x37,0x20,0xda,0xf1,0x38,0x1f,0xdb,
  0x5b,0xff,0xff,0xff,0x0,0xff,0xff,0xff,0x0,0xff,0xff,0xff,0x0,0xff,0xff,0xff,
  0x0,0xff,0xff,0xff,0x0,0xff,0xff,0xff,0x0,0xff,0xff,0xff,0x0,0xff,0xff,0xff,
  0x0,0xff,0xff,0xff,0x0,0xff,0xff,0xff,0x0,0xff,0xff,0xff,0x0,0x37,0x1e,0xdc,
  0x33,0x37,0x1f,0xda,0xfb,0x37,0x20,0xda,0xff,0x37,0x20,0xda,0xff,0x37,0x20,0xda,
  0xff,0x37,0x20,0xda,0xff,0x37,0x20,0xda,0xff,0x37,0x20,0xda,0xff,0x37,0x20,0xda,
  0xff,0x37,0x20,0xda,0xff,0x37,0x20,0xda,0xff,0x37,0x20,0xda,0xff,0x37,0x20,0xda,
  0xff,0x38,0x20,0xda,0xca,0x40,0x40,0xbf,0x4,0xff,0xff,0xff,0x0,0xff,0xff,0xff,
  0x0,0xff,0xff,0xff,0x0,0xff,0xff,0xff,0x0,0xff,0xff,0xff,0x0,0xff,0xff,0xff,
  0x0,0xff,0xff,0xff,0x0,0xff,0xff,0xff,0x0,0x40,0x40,0xbf,0x4,0x38,0x20,0xda,
  0xca,0x37,0x20,0xda,0xff,0x37,0x20,0xda,0xff,0x37,0x20,0xda,0xff,0x37,0x20,0xda,
  0xff,0x37,0x20,0xda,0xff,0x37,0x20,0xda,0xff,0x37,0x20,0xda,0xff,0x37,0x20,0xda,
  0xff,0x37,0x20,0xda,0xff,0x37,0x20,0xda,0xff,0x37,0x20,0xda,0xff,0x37,0x1f,0xda,
  0xfb,0x37,0x1e,0xdc,0x33,0xff,0xff,0xff,0x0,0xff,0xff,0xff,0x0,0xff,0xff,0xff,
  0x0,0xff,0xff,0xff,0x0,0xff,0xff,0xff,0x0,0xff,0xff,0xff,0x0,0xff,0xff,0xff,
  0x0,0xff,0xff,0xff,0x0,0xff,0xff,0xff,0x0,0x49,0x24,0xdb,0x7,0x37,0x20,0xda,
  0xd4,0x37,0x20,0xda,0xff,0x37,0x20,0xda,0xff,0x37,0x20,0xda,0xff,0x37,0x20,0xda,
  0xff,0x37,0x20,0xda,0xff,0x37,0x20,0xda,0xff,0x37,0x20,0xda,0xff,0x37,0x20,0xda,
  0xff,0x37,0x20,0xda,0xff,0x37,0x20,0xda,0xff,0x37,0x20,0xda,0xff,0x37,0x20,0xda,
  0xff,0x37,0x20,0xda,0xff,0x38,0x1f,0xda,0x7b,0xff,0xff,0xff,0x0,0xff,0xff,0xff,
  0x0,0xff,0xff,0xff,0x0,0xff,0xff,0xff,0x0,0xff,0xff,0xff,0x0,0xff,0xff,0xff,
  0x0,0xff,0xff,0xff,0x0,0xff,0xff,0xff,0x0,0x38,0x1f,0xda,0x7b,0x37,0x20,0xda,
  0xff,0x37,0x20,0xda,0xff,0x37,0x20,0xda,0xff,0x37,0x20,0xda,0xff,0x37,0x20,0xda,
  0xff,0x37,0x20,0xda,0xff,0x37,0x20,0xda,0xff,0x37,0x20,0xda,0xff,0x37,0x20,0xda,
  0xff,0x37,0x20,0xda,0xff,0x37,0x20,0xda,0xff,0x37,0x20,0xda,0xff,0x37,0x20,0xda,
  0xff,0x37,0x20,0xda,0xd4,0x49,0x24,0xdb,0x7,0xff,0xff,0xff,0x0,0xff,0xff,0xff,
  0x0,0xff,0xff,0xff,0x0,0xff,0xff,0xff,0x0,0xff,0xff,0xff,0x0,0xff,0xff,0xff,
  0x0,0xff,0xff,0xff,0x0,0xff,0xff,0xff,0x0,0x38,0x1f,0xd9,0x72,0x37,0x20,0xda,
  0xff,0x37,0x20,0xda,0xff,0x37,0x20,0xda,0xff,0x37,0x20,0xda,0xff,0x37,0x20,0xda,
  0xff,0x37,0x20,0xda,0xff,0x37,0x20,0xda,0xff,0x37,0x20,0xda,0xff,0x37,0x20,0xda,
  0xff,0x37,0x20,0xda,0xff,0x37,0x20,0xda,0xff,0x37,0x20,0xda,0xff,0x37,0x20,0xda,
  0xff,0x37,0x20,0xda,0xff,0x37,0x20,0xda,0xf9,0x35,0x20,0xdf,0x18,0xff,0xff,0xff,
  0x0,0xff,0xff,0xff,0x0,0xff,0xff,0xff,0x0,0xff,0xff,0xff,0x0,0xff,0xff,0xff,
  0x0,0xff,0xff,0xff,0x0,0x35,0x20,0xdf,0x18,0x37,0x20,0xda,0xf9,0x37,0x20,0xda,
  0xff,0x37,0x20,0xda,0xff,0x37,0x20,0xda,0xff,0x37,0x20,0xda,0xff,0x37,0x20,0xda,
  0xff,0x37,0x20,0xda,0xff,0x37,0x20,0xda,0xff,0x37,0x20,0xda,0xff,0x37,0x20,0xda,
  0xff,0x37,0x20,0xda,0xff,0x37,0x20,0xda,0xff,0x37,0x20,0xda,0xff,0x37,0x20,0xda,
  0xff,0x37,0x20,0xda,0xff,0x38,0x1f,0xd9,0x72,0xff,0xff,0xff,0x0,0xff,0xff,0xff,
  0x0,0xff,0xff,0xff,0x0,0xff,0xff,0xff,0x0,0xff,0xff,0xff,0x0,0xff,0xff,0xff,
  0x0,0xff,0xff,0xff,0x0,0xff,0xff,0xff,0x0,0x37,0x20,0xdb,0xaf,0x37,0x20,0xda,
  0xff,0x37,0x20,0xda,0xff,0x37,0x20,0xda,0xff,0x37,0x20,0xda,0xff,0x37,0x20,0xda,
  0xff,0x37,0x20,0xda,0xff,0x37,0x20,0xda,0xff,0x37,0x20,0xda,0xff,0x37,0x20,0xda,
  0xff,0x37,0x20,0xda,0xff,0x37,0x20,0xda,0xff,0x37,0x20,0xda,0xff,0x37,0x20,0xda,
  0xff,0x37,0x20,0xda,0xff,0x37,0x20,0xda,0xff,0x37,0x20,0xdb,0x4f,0xff,0xff,0xff,
  0x0,0xff,0xff,0xff,0x0,0xff,0xff,0xff,0x0,0xff,0xff,0xff,0x0,0xff,0xff,0xff,
  0x0,0xff,0xff,0xff,0x0,0x36,0x20,0xd9,0x50,0x37,0x20,0xda,0xff,0x37,0x20,0xda,
  0xff,0x37,0x20,0xda,0xff,0x37,0x20,0xda,0xff,0x37,0x20,0xda,0xff,0x37,0x20,0xda,
  0xff,0x37,0x20,0xda,0xff,0x37,0x20,0xda,0xff,0x37,0x20,0xda,0xff,0x37,0x20,0xda,
  0xff,0x37,0x20,0xda,0xff,0x37,0x20,0xda,0xff,0x37,0x20,0xda,0xff,0x37,0x20,0xda,
  0xff,0x37,0x20,0xda,0xff,0x37,0x20,0xd9,0xb0,0xff,0xff,0xff,0x0,0xff,0xff,0xff,
  0x0,0xff,0xff,0xff,0x0,0xff,0xff,0xff,0x0,0xff,0xff,0xff,0x0,0xff,0xff,0xff,
  0x0,0xff,0xff,0xff,0x0,0xff,0xff,0xff,0x0,0x37,0x1f,0xda,0xe3,0x37,0x20,0xda,
  0xff,0x37,0x20,0xda,0xff,0x37,0x20,0xda,0xff,0x37,0x20,0xda,0xff,0x37,0x20,0xda,
  0xff,0x37,0x20,0xda,0xff,0x37,0x20,0xda,0xff,0x37,0x20,0xda,0xff,0x37,0x20,0xda,
  0xff,0x37,0x20,0xda,0xff,0x37,0x20,0xda,0xff,0x37,0x20,0xda,0xff,0x37,0x20,0xda,
  0xff,0x37,0x20,0xda,0xff,0x37,0x20,0xda,0xff,0x37,0x1f,0xda,0x83,0xff,0xff,0xff,
  0x0,0xff,0xff,0xff,0x0,0xff,0xff,0xff,0x0,0xff,0xff,0xff,0x0,0xff,0xff,0xff,
  0x0,0xff,0xff,0xff,0x0,0x37,0x1f,0xda,0x83,0x37,0x20,0xda,0xff,0x37,0x20,0xda,
  0xff,0x37,0x20,0xda,0xff,0x37,0x20,0xda,0xff,0x37,0x20,0xda,0xff,0x37,0x20,0xda,
  0xff,0x37,0x20,0xda,0xff,0x37,0x20,0xda,0xff,0x37,0x20,0xda,0xff,0x37,0x20,0xda,
  0xff,0x37,0x20,0xda,0xff,0x37,0x20,0xda,0xff,0x37,0x20,0xda,0xff,0x37,0x20,0xda,
  0xff,0x37,0x20,0xda,0xff,0x37,0x1f,0xda,0xe3,0xff,0xff,0xff,0x0,0xff,0xff,0xff,
  0x0,0xff,0xff,0xff,0x0,0xff,0xff,0xff,0x0,0xff,0xff,0xff,0x0,0xff,0xff,0xff,
  0x0,0xff,0xff,0xff,0x0,0x3c,0x1e,0xe1,0x11,0x37,0x20,0xda,0xff,0x37,0x20,0xda,
  0xff,0x37,0x20,0xda,0xff,0x37,0x20,0xda,0xff,0x37,0x20,0xda,0xff,0x37,0x20,0xda,
  0xff,0x37,0x20,0xda,0xff,0x37,0x20,0xda,0xff,0x37,0x20,0xda,0xff,0x37,0x20,0xda,
  0xff,0x37,0x20,0xda,0xff,0x37,0x20,0xda,0xff,0x37,0x20,0xda,0xff,0x37,0x20,0xda,
  0xff,0x37,0x20,0xda,0xff,0x37,0x20,0xda,0xff,0x37,0x20,0xda,0xb1,0xff,0xff,0xff,
  0x0,0xff,0xff,0xff,0x0,0xff,0xff,0xff,0x0,0xff,0xff,0xff,0x0,0xff,0xff,0xff,
  0x0,0xff,0xff,0xff,0x0,0x37,0x20,0xda,0xb1,0x37,0x20,0xda,0xff,0x37,0x20,0xda,
  0xff,0x37,0x20,0xda,0xff,0x37,0x20,0xda,0xff,0x37,0x20,0xda,0xff,0x37,0x20,0xda,
  0xff,0x37,0x20,0xda,0xff,0x37,0x20,0xda,0xff,0x37,0x20,0xda,0xff,0x37,0x20,0xda,
  0xff,0x37,0x20,0xda,0xff,0x37,0x20,0xda,0xff,0x37,0x20,0xda,0xff,0x37,0x20,0xda,
  0xff,0x37,0x20,0xda,0xff,0x37,0x20,0xda,0xff,0x3c,0x1e,0xe1,0x11,0xff,0xff,0xff,
  0x0,0xff,0xff,0xff,0x0,0xff,0xff,0xff,0x0,0xff,0xff,0xff,0x0,0xff,0xff,0xff,
  0x0,0xff,0xff,0xff,0x0,0x0,0x0,0xff,0x2,0x37,0x1f,0xda,0xf3,0x37,0x20,0xda,
  0xff,0x37,0x20,0xda,0xff,0x37,0x20,0xda,0xff,0x37,0x20,0xda,0xff,0x37,0x20,0xda,
  0xff,0x37,0x20,0xda,0xff,0x37,0x20,0xda,0xff,0x37,0x20,0xda,0xff,0x37,0x20,0xda,
  0xff,0x37,0x20,0xda,0xff,0x37,0x20,0xda,0xff,0x37,0x20,0xda,0xff,0x37,0x20,0xda,
  0xff,0x37,0x20,0xda,0xff,0x37,0x20,0xda,0xff,0x36,0x20,0xda,0x96,0xff,0xff,0xff,
  0x0,0xff,0xff,0xff,0x0,0xff,0xff,0xff,0x0,0xff,0xff,0xff,0x0,0xff,0xff,0xff,
  0x0,0xff,0xff,0xff,0x0,0x36,0x20,0xda,0x96,0x37,0x20,0xda,0xff,0x37,0x20,0xda,
  0xff,0x37,0x20,0xda,0xff,0x37,0x20,0xda,0xff,0x37,0x20,0xda,0xff,0x37,0x20,0xda,
  0xff,0x37,0x20,0xda,0xff,0x37,0x20,0xda,0xff,0x37,0x20,0xda,0xff,0x37,0x20,0xda,
  0xff,0x37,0x20,0xda,0xff,0x37,0x20,0xda,0xff,0x37,0x20,0xda,0xff,0x37,0x20,0xda,
  0xff,0x37,0x20,0xda,0xff,0x37,0x1f,0xda,0xf3,0x0,0x0,0xff,0x2,0xff,0xff,0xff,
  0x0,0xff,0xff,0xff,0x0,0xff,0xff,0xff,0x0,0xff,0xff,0xff,0x0,0xff,0xff,0xff,
  0x0,0xff,0xff,0xff,0x0,0xff,0xff,0xff,0x0,0x37,0x1f,0xda,0xc3,0x37,0x20,0xda,
  0xff,0x37,0x20,0xda,0xff,0x37,0x20,0xda,0xff,0x37,0x20,0xda,0xff,0x37,0x20,0xda,
  0xff,0x37,0x20,0xda,0xff,0x37,0x20,0xda,0xff,0x37,0x20,0xda,0xff,0x37,0x20,0xda,
  0xff,0x37,0x20,0xda,0xff,0x37,0x20,0xda,0xff,0x37,0x20,0xda,0xff,0x37,0x20,0xda,
  0xff,0x37,0x20,0xda,0xff,0x37,0x20,0xda,0xff,0x36,0x1f,0xdb,0x63,0xff,0xff,0xff,
  0x0,0xff,0xff,0xff,0x0,0xff,0xff,0xff,0x0,0xff,0xff,0xff,0x0,0xff,0xff,0xff,
  0x0,0xff,0xff,0xff,0x0,0x36,0x1f,0xdb,0x63,0x37,0x20,0xda,0xff,0x37,0x20,0xda,
  0xff,0x37,0x20,0xda,0xff,0x37,0x20,0xda,0xff,0x37,0x20,0xda,0xff,0x37,0x20,0xda,
  0xff,0x37,0x20,0xda,0xff,0x37,0x20,0xda,0xff,0x37,0x20,0xda,0xff,0x37,0x20,0xda,
  0xff,0x37,0x20,0xda,0xff,0x37,0x20,0xda,0xff,0x37,0x20,0xda,0xff,0x37,0x20,0xda,
  0xff,0x37,0x20,0xda,0xff,0x37,0x1f,0xda,0xc3,0xff,0xff,0xff,0x0,0xff,0xff,0xff,
  0x0,0xff,0xff,0xff,0x0,0xff,0xff,0xff,0x0,0xff,0xff,0xff,0x0,0xff,0xff,0xff,
  0x0,0xff,0xff,0xff,0x0,0xff,0xff,0xff,0x0,0x37,0x20,0xda,0x8f,0x37,0x20,0xda,
  0xff,0x37,0x20,0xda,0xff,0x37,0x20,0xda,0xff,0x37,0x20,0xda,0xff,0x37,0x20,0xda,
  0xff,0x37,0x20,0xda,0xff,0x37,0x20,0xda,0xff,0x37,0x20,0xda,0xff,0x37,0x20,0xda,
  0xff,0x37,0x20,0xda,0xff,0x37,0x20,0xda,0xff,0x37,0x20,0xda,0xff,0x37,0x20,0xda,
  0xff,0x37,0x20,0xda,0xff,0x37,0x20,0xda,0xff,0x36,0x21,0xd9,0x2f,0xff,0xff,0xff,
  0x0,0xff,0xff,0xff,0x0,0xff,0xff,0xff,0x0,0xff,0xff,0xff,0x0,0xff,0xff,0xff,
  0x0,0xff,0xff,0xff,0x0,0x36,0x21,0xd9,0x2f,0x37,0x20,0xda,0xff,0x37,0x20,0xda,
  0xff,0x37,0x20,0xda,0xff,0x37,0x20,0xda,0xff,0x37,0x20,0xda,0xff,0x37,0x20,0xda,
  0xff,0x37,0x20,0xda,0xff,0x37,0x20,0xda,0xff,0x37,0x20,0xda,0xff,0x37,0x20,0xda,
  0xff,0x37,0x20,0xda,0xff,0x37,0x20,0xda,0xff,0x37,0x20,0xda,0xff,0x37,0x20,0xda,
  0xff,0x37,0x20,0xda,0xff,0x37,0x20,0xda,0x8f,0xff,0xff,0xff,0x0,0xff,0xff,0xff,
  0x0,0xff,0xff,0xff,0x0,0xff,0xff,0xff,0x0,0xff,0xff,0xff,0x0,0xff,0xff,0xff,
  0x0,0xff,0xff,0xff,0x0,0xff,0xff,0xff,0x0,0x36,0x22,0xd7,0x26,0x37,0x20,0xda,
  0xf6,0x37,0x20,0xda,0xff,0x37,0x20,0xda,0xff,0x37,0x20,0xda,0xff,0x37,0x20,0xda,
  0xff,0x37,0x20,0xda,0xff,0x37,0x20,0xda,0xff,0x37,0x20,0xda,0xff,0x37,0x20,0xda,
  0xff,0x37,0x20,0xda,0xff,0x37,0x20,0xda,0xff,0x37,0x20,0xda,0xff,0x37,0x20,0xda,
  0xff,0x37,0x20,0xda,0xff,0x37,0x1f,0xda,0xbb,0x0,0x0,0xff,0x1,0xff,0xff,0xff,
  0x0,0xff,0xff,0xff,0x0,0xff,0xff,0xff,0x0,0xff,0xff,0xff,0x0,0xff,0xff,0xff,
  0x0,0xff,0xff,0xff,0x0,0x0,0x0,0xff,0x1,0x37,0x1f,0xda,0xbb,0x37,0x20,0xda,
  0xff,0x37,0x20,0xda,0xff,0x37,0x20,0xda,0xff,0x37,0x20,0xda,0xff,0x37,0x20,0xda,
  0xff,0x37,0x20,0xda,0xff,0x37,0x20,0xda,0xff,0x37,0x20,0xda,0xff,0x37,0x20,0xda,
  0xff,0x37,0x20,0xda,0xff,0x37,0x20,0xda,0xff,0x37,0x20,0xda,0xff,0x37,0x20,0xda,
  0xff,0x37,0x20,0xda,0xf6,0x36,0x22,0xd7,0x26,0xff,0xff,0xff,0x0,0xff,0xff,0xff,
  0x0,0xff,0xff,0xff,0x0,0xff,0xff,0xff,0x0,0xff,0xff,0xff,0x0,0xff,0xff,0xff,
  0x0,0xff,0xff,0xff,0x0,0xff,0xff,0xff,0x0,0xff,0xff,0xff,0x0,0x37,0x20,0xda,
  0x6f,0x37,0x20,0xda,0xff,0x37,0x20,0xda,0xff,0x37,0x20,0xda,0xff,0x37,0x20,0xda,
  0xff,0x37,0x20,0xda,0xff,0x37,0x20,0xda,0xff,0x37,0x20,0xda,0xff,0x37,0x20,0xda,
  0xff,0x37,0x20,0xda,0xff,0x37,0x20,0xda,0xff,0x37,0x20,0xda,0xff,0x37,0x20,0xda,
  0xff,0x37,0x20,0xda,0xf1,0x33,0x22,0xdd,0x1e,0xff,0xff,0xff,0x0,0xff,0xff,0xff,
  0x0,0xff,0xff,0xff,0x0,0xff,0xff,0xff,0x0,0xff,0xff,0xff,0x0,0xff,0xff,0xff,
  0x0,0xff,0xff,0xff,0x0,0xff,0xff,0xff,0x0,0x33,0x22,0xdd,0x1e,0x37,0x20,0xda,
  0xf1,0x37,0x20,0xda,0xff,0x37,0x20,0xda,0xff,0x37,0x20,0xda,0xff,0x37,0x20,0xda,
  0xff,0x37,0x20,0xda,0xff,0x37,0x20,0xda,0xff,0x37,0x20,0xda,0xff,0x37,0x20,0xda,
  0xff,0x37,0x20,0xda,0xff,0x37,0x20,0xda,0xff,0x37,0x20,0xda,0xff,0x37,0x20,0xda,
  0xff,0x37,0x20,0xda,0x6f,0xff,0xff,0xff,0x0,0xff,0xff,0xff,0x0,0xff,0xff,0xff,
  0x0,0xff,0xff,0xff,0x0,0xff,0xff,0xff,0x0,0xff,0xff,0xff,0x0,0xff,0xff,0xff,
  0x0,0xff,0xff,0xff,0x0,0xff,0xff,0xff,0x0,0xff,0xff,0xff,0x0,0x0,0x0,0xff,
  0x1,0x37,0x21,0xda,0xb4,0x37,0x20,0xda,0xff,0x37,0x20,0xda,0xff,0x37,0x20,0xda,
  0xff,0x37,0x20,0xda,0xff,0x37,0x20,0xda,0xff,0x37,0x20,0xda,0xff,0x37,0x20,0xda,
  0xff,0x37,0x20,0xda,0xff,0x37,0x20,0xda,0xff,0x37,0x20,0xda,0xff,0x37,0x1f,0xda,
  0xfb,0x38,0x1f,0xdb,0x5b,0xff,0xff,0xff,0x0,0xff,0xff,0xff,0x0,0xff,0xff,0xff,
  0x0,0xff,0xff,0xff,0x0,0xff,0xff,0xff,0x0,0xff,0xff,0xff,0x0,0xff,0xff,0xff,
  0x0,0xff,0xff,0xff,0x0,0xff,0xff,0xff,0x0,0xff,0xff,0xff,0x0,0x38,0x1f,0xdb,
  0x5b,0x37,0x1f,0xda,0xfb,0x37,0x20,0xda,0xff,0x37,0x20,0xda,0xff,0x37,0x20,0xda,
  0xff,0x37,0x20,0xda,0xff,0x37,0x20,0xda,0xff,0x37,0x20,0xda,0xff,0x37,0x20,0xda,
  0xff,0x37,0x20,0xda,0xff,0x37,0x20,0xda,0xff,0x37,0x20,0xda,0xff,0x37,0x21,0xda,
  0xb4,0x0,0x0,0xff,0x1,0xff,0xff,0xff,0x0,0xff,0xff,0xff,0x0,0xff,0xff,0xff,
  0x0,0xff,0xff,0xff,0x0,0xff,0xff,0xff,0x0,0xff,0xff,0xff,0x0,0xff,0xff,0xff,
  0x0,0xff,0xff,0xff,0x0,0xff,0xff,0xff,0x0,0xff,0xff,0xff,0x0,0xff,0xff,0xff,
  0x0,0x0,0x0,0xff,0x1,0x37,0x20,0xda,0x6f,0x37,0x20,0xda,0xf6,0x37,0x20,0xda,
  0xff,0x37,0x20,0xda,0xff,0x37,0x20,0xda,0xff,0x37,0x20,0xda,0xff,0x37,0x20,0xda,
  0xff,0x37,0x20,0xda,0xff,0x37,0x20,0xda,0xff,0x37,0x20,0xda,0xd4,0x37,0x1e,0xdc,
  0x33,0xff,0xff,0xff,0x0,0xff,0xff,0xff,0x0,0xff,0xff,0xff,0x0,0xff,0xff,0xff,
  0x0,0xff,0xff,0xff,0x0,0xff,0xff,0xff,0x0,0xff,0xff,0xff,0x0,0xff,0xff,0xff,
  0x0,0xff,0xff,0xff,0x0,0xff,0xff,0xff,0x0,0xff,0xff,0xff,0x0,0xff,0xff,0xff,
  0x0,0x37,0x1e,0xdc,0x33,0x37,0x20,0xda,0xd4,0x37,0x20,0xda,0xff,0x37,0x20,0xda,
  0xff,0x37,0x20,0xda,0xff,0x37,0x20,0xda,0xff,0x37,0x20,0xda,0xff,0x37,0x20,0xda,
  0xff,0x37,0x20,0xda,0xff,0x37,0x20,0xda,0xf6,0x37,0x20,0xda,0x6f,0x0,0x0,0xff,
  0x1,0xff,0xff,0xff,0x0,0xff,0xff,0xff,0x0,0xff,0xff,0xff,0x0,0xff,0xff,0xff,
  0x0,0xff,0xff,0xff,0x0,0xff,0xff,0xff,0x0,0xff,0xff,0xff,0x0,0xff,0xff,0xff,
  0x0,0xff,0xff,0xff,0x0,0xff,0xff,0xff,0x0,0xff,0xff,0xff,0x0,0xff,0xff,0xff,
  0x0,0xff,0xff,0xff,0x0,0xff,0xff,0xff,0x0,0x36,0x22,0xd7,0x26,0x37,0x20,0xda,
  0x8f,0x37,0x1f,0xda,0xc3,0x37,0x1f,0xda,0xf3,0x37,0x20,0xda,0xff,0x37,0x1f,0xda,
  0xe3,0x37,0x20,0xd9,0xb0,0x38,0x1f,0xd9,0x72,0x49,0x24,0xdb,0x7,0xff,0xff,0xff,
  0x0,0xff,0xff,0xff,0x0,0xff,0xff,0xff,0x0,0xff,0xff,0xff,0x0,0xff,0xff,0xff,
  0x0,0xff,0xff,0xff,0x0,0xff,0xff,0xff,0x0,0xff,0xff,0xff,0x0,0xff,0xff,0xff,
  0x0,0xff,0xff,0xff,0x0,0xff,0xff,0xff,0x0,0xff,0xff,0xff,0x0,0xff,0xff,0xff,
  0x0,0xff,0xff,0xff,0x0,0x49,0x24,0xdb,0x7,0x38,0x1f,0xd9,0x72,0x37,0x20,0xd9,
  0xb0,0x37,0x1f,0xda,0xe3,0x37,0x20,0xda,0xff,0x37,0x1f,0xda,0xf3,0x37,0x1f,0xda,
  0xc3,0x37,0x20,0xda,0x8f,0x36,0x22,0xd7,0x26,0xff,0xff,0xff,0x0,0xff,0xff,0xff,
  0x0,0xff,0xff,0xff,0x0,0xff,0xff,0xff,0x0,0xff,0xff,0xff,0x0,0xff,0xff,0xff,
  0x0,0xff,0xff,0xff,0x0,0xff,0xff,0xff,0x0,0xff,0xff,0xff,0x0,0xff,0xff,0xff,
  0x0,0xff,0xff,0xff,0x0,0xff,0xff,0xff,0x0,0xff,0xff,0xff,0x0,0xff,0xff,0xff,
  0x0,0xff,0xff,0xff,0x0,0xff,0xff,0xff,0x0,0xff,0xff,0xff,0x0,0xff,0xff,0xff,
  0x0,0xff,0xff,0xff,0x0,0x0,0x0,0xff,0x2,0x3c,0x1e,0xe1,0x11,0xff,0xff,0xff,
  0x0,0xff,0xff,0xff,0x0,0xff,0xff,0xff,0x0,0xff,0xff,0xff,0x0,0xff,0xff,0xff,
  0x0,0xff,0xff,0xff,0x0,0xff,0xff,0xff,0x0,0xff,0xff,0xff,0x0,0xff,0xff,0xff,
  0x0,0xff,0xff,0xff,0x0,0xff,0xff,0xff,0x0,0xff,0xff,0xff,0x0,0xff,0xff,0xff,
  0x0,0xff,0xff,0xff,0x0,0xff,0xff,0xff,0x0,0xff,0xff,0xff,0x0,0xff,0xff,0xff,
  0x0,0xff,0xff,0xff,0x0,0xff,0xff,0xff,0x0,0xff,0xff,0xff,0x0,0xff,0xff,0xff,
  0x0,0xff,0xff,0xff,0x0,0x3c,0x1e,0xe1,0x11,0x0,0x0,0xff,0x2,0xff,0xff,0xff,
  0x0,0xff,0xff,0xff,0x0,0xff,0xff,0xff,0x0,0xff,0xff,0xff,0x0,0xff,0xff,0xff,
  0x0,0xff,0xff,0xff,0x0,0xff,0xff,0xff,0x0,0xff,0xff,0xff,0x0,0xff,0xff,0xff,
  0x0,0xff,0xff,0xff,0x0,0xff,0xff,0xff,0x0,0xff,0xff,0xff,0x0,0xff,0xff,0xff,
  0x0,0xff,0xff,0xff,0x0,0xff,0xff,0xff,0x0,0xff,0xff,0xff,0x0,0xff,0xff,0xff,
  0x0,0xff,0xff,0xff,0x0,0xff,0xff,0xff,0x0,0xff,0xff,0xff,0x0,0xff,0xff,0xff,
  0x0,0xff,0xff,0xff,0x0,0xff,0xff,0xff,0x0,0xff,0xff,0xff,0x0,0xff,0xff,0xff,
  0x0,0xff,0xff,0xff,0x0,0xff,0xff,0xff,0x0,0xff,0xff,0xff,0x0,0xff,0xff,0xff,
  0x0,0xff,0xff,0xff,0x0,0xff,0xff,0xff,0x0,0xff,0xff,0xff,0x0,0xff,0xff,0xff,
  0x0,0xff,0xff,0xff,0x0,0xff,0xff,0xff,0x0,0xff,0xff,0xff,0x0,0xff,0xff,0xff,
  0x0,0xff,0xff,0xff,0x0,0xff,0xff,0xff,0x0,0xff,0xff,0xff,0x0,0xff,0xff,0xff,
  0x0,0xff,0xff,0xff,0x0,0xff,0xff,0xff,0x0,0xff,0xff,0xff,0x0,0xff,0xff,0xff,
  0x0,0xff,0xff,0xff,0x0,0xff,0xff,0xff,0x0,0xff,0xff,0xff,0x0,0xff,0xff,0xff,
  0x0,0xff,0xff,0xff,0x0,0xff,0xff,0xff,0x0,0xff,0xff,0xff,0x0,0xff,0xff,0xff,
  0x0,0xff,0xff,0xff,0x0,0xff,0xff,0xff,0x0,0xff,0xff,0xff,0x0,0xff,0xff,0xff,
  0x0,0xff,0xff,0xff,0x0,0xff,0xff,0xff,0x0,0xff,0xff,0xff,0x0,0xff,0xff,0xff,
  0x0,0xff,0xff,0xff,0x0,0xff,0xff,0xff,0x0,0xff,0xff,0xff,0x0,0xff,0xff,0xff,
  0x0,0xff,0xff,0xff,0x0,0xff,0xff,0xff,0x0,0xff,0xff,0xff,0x0,0xff,0xff,0xff,
  0x0,0xff,0xff,0xff,0x0,0xff,0xff,0xff,0x0,0xff,0xff,0xff,0x0,0xff,0xff,0xff,
  0x0,0xff,0xff,0xff,0x0,0xff,0xff,0xff,0x0,0xff,0xff,0xff,0x0,0xff,0xff,0xff,
  0x0,0xff,0xff,0xff,0x0,0xff,0xff,0xff,0x0,0xff,0xff,0xff,0x0,0xff,0xff,0xff,
  0x0,0xff,0xff,0xff,0x0,0xff,0xff,0xff,0x0,0xff,0xff,0xff,0x0,0xff,0xff,0xff,
  0x0,0xff,0xff,0xff,0x0,0xff,0xff,0xff,0x0,0xff,0xff,0xff,0x0,0xff,0xff,0xff,
  0x0,0xff,0xff,0xff,0x0,0xff,0xff,0xff,0x0,0xff,0xff,0xff,0x0,0xff,0xff,0xff,
  0x0,0xff,0xff,0xff,0x0,0xff,0xff,0xff,0x0,0xff,0xff,0xff,0x0,0xff,0xff,0xff,
  0x0,0xff,0xff,0xff,0x0,0xff,0xff,0xff,0x0,0xff,0xff,0xff,0x0,0xff,0xff,0xff,
  0x0,0xff,0xff,0xff,0x0,0xff,0xff,0xff,0x0,0xff,0xff,0xff,0x0,0xff,0xff,0xff,
  0x0,0xff,0xff,0xff,0x0,0xff,0xff,0xff,0x0,0xff,0xff,0xff,0x0,0xff,0xff,0xff,
  0x0,0xff,0xff,0xff,0x0,0xff,0xff,0xff,0x0,0xff,0xff,0xff,0x0,0xff,0xff,0xff,
  0x0,0xff,0xff,0xff,0x0,0xff,0xff,0xff,0x0,0xff,0xff,0xff,0x0,0xff,0xff,0xff,
  0x0,0xff,0xff,0xff,0x0,0xff,0xff,0xff,0x0,0xff,0xff,0xff,0x0,0xff,0xff,0xff,
  0x0,0xff,0xff,0xff,0x0,0xff,0xff,0xff,0x0,0xff,0xff,0xff,0x0,0xff,0xff,0xff,
  0x0,0xff,0xff,0xff,0x0,0xff,0xff,0xff,0x0,0xff,0xff,0xff,0x0,0xff,0xff,0xff,
  0x0,0xff,0xff,0xff,0x0,0xff,0xff,0xff,0x0,0xff,0xff,0xff,0x0,0xff,0xff,0xff,
  0x0,0xff,0xff,0xff,0x0,0xff,0xff,0xff,0x0,0xff,0xff,0xff,0x0,0xff,0xff,0xff,
  0x0,0xff,0xff,0xff,0x0,0xff,0xff,0xff,0x0,0xff,0xff,0xff,0x0,0xff,0xff,0xff,
  0x0,0xff,0xff,0xff,0x0,0xff,0xff,0xff,0x0,0xff,0xff,0xff,0x0,0xff,0xff,0xff,
  0x0,0xff,0xff,0xff,0x0,0xff,0xff,0xff,0x0,0xff,0xff,0xff,0x0,0xff,0xff,0xff,
  0x0,0xff,0xff,0xff,0x0,0xff,0xff,0xff,0x0,0xff,0xff,0xff,0x0,0xff,0xff,0xff,
  0x0,0xff,0xff,0xff,0x0,0xff,0xff,0xff,0x0,0xff,0xff,0xff,0xff,0xff,0xff,0x0,
  0x0,0xff,0xff,0xff,0xff,0xff,0xff,0x0,0x0,0xff,0xff,0xff,0xff,0xff,0xff,0x0,
  0x0,0xff,0xff,0xff,0xff,0xff,0xff,0x0,0x0,0xff,0x81,0xff,0xff,0x81,0xff,0x0,
  0x0,0xff,0x0,0x7f,0xfe,0x0,0xff,0x0,0x0,0xfc,0x0,0x3f,0xfc,0x0,0x3f,0x0,
  0x0,0xfc,0x0,0x1f,0xf8,0x0,0x3f,0x0,0x0,0xf8,0x0,0xf,0xf0,0x0,0x1f,0x0,
  0x0,0xf0,0x0,0xf,0xf0,0x0,0xf,0x0,0x0,0xf0,0x0,0xf,0xf0,0x0,0xf,0x0,
  0x0,0xf0,0x0,0x7,0xe0,0x0,0xf,0x0,0x0,0xf0,0x0,0x7,0xe0,0x0,0xf,0x0,
  0x0,0xf0,0x0,0x7,0xe0,0x0,0xf,0x0,0x0,0xf0,0x0,0xf,0xf0,0x0,0xf,0x0,
  0x0,0xf8,0x0,0xf,0xf0,0x0,0x1f,0x0,0x0,0xf8,0x0,0x1f,0xf8,0x0,0x1f,0x0,
  0x0,0xfc,0x0,0x1f,0xf8,0x0,0x3f,0x0,0x0,0xfe,0x0,0x3f,0xfc,0x0,0x7f,0x0,
  0x0,0xff,0x0,0xff,0xff,0x0,0xff,0x0,0x0,0xff,0xe3,0xff,0xff,0xc7,0xff,0x0,
  0x0,0xff,0xff,0xff,0xff,0xff,0xff,0x0,0x0,0xff,0xff,0xff,0xff,0xff,0xff,0x0,
  0x0,0xff,0xff,0xff,0xff,0xff,0xff,0x0,0x0,0xff,0xff,0xff,0xff,0xff,0xff,0x0,
  0x0,0xff,0xff,0xff,0xff,0xff,0xff,0x0,0x0,0xff,0xff,0xff,0xff,0xff,0xff,0x0,
  0x0,0xff,0xe3,0xff,0xff,0xc7,0xff,0x0,0x0,0xff,0x0,0xff,0xff,0x0,0xff,0x0,
  0x0,0xfe,0x0,0x3f,0xfc,0x0,0x7f,0x0,0x0,0xfc,0x0,0x1f,0xf8,0x0,0x3f,0x0,
  0x0,0xf8,0x0,0x1f,0xf8,0x0,0x1f,0x0,0x0,0xf8,0x0,0xf,0xf0,0x0,0x1f,0x0,
  0x0,0xf0,0x0,0xf,0xf0,0x0,0xf,0x0,0x0,0xf0,0x0,0x7,0xe0,0x0,0xf,0x0,
  0x0,0xf0,0x0,0x7,0xe0,0x0,0xf,0x0,0x0,0xf0,0x0,0x7,0xe0,0x0,0xf,0x0,
  0x0,0xf0,0x0,0xf,0xf0,0x0,0xf,0x0,0x0,0xf0,0x0,0xf,0xf0,0x0,0xf,0x0,
  0x0,0xf8,0x0,0xf,0xf0,0x0,0x1f,0x0,0x0,0xfc,0x0,0x1f,0xf8,0x0,0x3f,0x0,
  0x0,0xfc,0x0,0x3f,0xfc,0x0,0x3f,0x0,0x0,0xff,0x0,0x7f,0xfe,0x0,0xff,0x0,
  0x0,0xff,0x81,0xff,0xff,0x81,0xff,0x0,0x0,0xff,0xff,0xff,0xff,0xff,0xff,0x0,
  0x0,0xff,0xff,0xff,0xff,0xff,0xff,0x0,0x0,0xff,0xff,0xff,0xff,0xff,0xff,0x0,
  0x0,0xff,0xff,0xff,0xff,0xff,0xff,0x0,0x0,0x28,0x0,0x0,0x0,0x20,0x0,0x0,
  0x0,0x40,0x0,0x0,0x0,0x1,0x0,0x20,0x0,0x0,0x0,0x0,0x0,0x0,0x0,0x0,
  0x0,0x0,0x0,0x0,0x0,0x0,0x0,0x0,0x0,0x0,0x0,0x0,0x0,0x0,0x0,0x0,
  0x0,0xff,0xff,0xff,0x0,0xff,0xff,0xff,0x0,0xff,0xff,0xff,0x0,0xff,0xff,0xff,
  0x0,0xff,0xff,0xff,0x0,0xff,0xff,0xff,0x0,0xff,0xff,0xff,0x0,0xff,0xff,0xff,
  0x0,0xff,0xff,0xff,0x0,0xff,0xff,0xff,0x0,0xff,0xff,0xff,0x0,0xff,0xff,0xff,
  0x0,0xff,0xff,0xff,0x0,0xff,0xff,0xff,0x0,0xff,0xff,0xff,0x0,0xff,0xff,0xff,
  0x0,0xff,0xff,0xff,0x0,0xff,0xff,0xff,0x0,0xff,0xff,0xff,0x0,0xff,0xff,0xff,
  0x0,0xff,0xff,0xff,0x0,0xff,0xff,0xff,0x0,0xff,0xff,0xff,0x0,0xff,0xff,0xff,
  0x0,0xff,0xff,0xff,0x0,0xff,0xff,0xff,0x0,0xff,0xff,0xff,0x0,0xff,0xff,0xff,
  0x0,0xff,0xff,0xff,0x0,0xff,0xff,0xff,0x0,0xff,0xff,0xff,0x0,0xff,0xff,0xff,
  0x0,0xff,0xff,0xff,0x0,0xff,0xff,0xff,0x0,0xff,0xff,0xff,0x0,0xff,0xff,0xff,
  0x0,0xff,0xff,0xff,0x0,0xff,0xff,0xff,0x0,0xff,0xff,0xff,0x0,0xff,0xff,0xff,
  0x0,0xff,0xff,0xff,0x0,0xff,0xff,0xff,0x0,0xff,0xff,0xff,0x0,0xff,0xff,0xff,
  0x0,0xff,0xff,0xff,0x0,0xff,0xff,0xff,0x0,0xff,0xff,0xff,0x0,0xff,0xff,0xff,
  0x0,0xff,0xff,0xff,0x0,0xff,0xff,0xff,0x0,0xff,0xff,0xff,0x0,0xff,0xff,0xff,
  0x0,0xff,0xff,0xff,0x0,0xff,0xff,0xff,0x0,0xff,0xff,0xff,0x0,0xff,0xff,0xff,
  0x0,0xff,0xff,0xff,0x0,0xff,0xff,0xff,0x0,0xff,0xff,0xff,0x0,0xff,0xff,0xff,
  0x0,0xff,0xff,0xff,0x0,0xff,0xff,0xff,0x0,0xff,0xff,0xff,0x0,0xff,0xff,0xff,
  0x0,0xff,0xff,0xff,0x0,0xff,0xff,0xff,0x0,0xff,0xff,0xff,0x0,0xff,0xff,0xff,
  0x0,0xff,0xff,0xff,0x0,0xff,0xff,0xff,0x0,0x30,0x20,0xdf,0x10,0x35,0x1e,0xd9,
  0x43,0x38,0x20,0xd9,0x57,0x36,0x22,0xd7,0x26,0x0,0x0,0xff,0x1,0xff,0xff,0xff,
  0x0,0xff,0xff,0xff,0x0,0xff,0xff,0xff,0x0,0xff,0xff,0xff,0x0,0xff,0xff,0xff,
  0x0,0xff,0xff,0xff,0x0,0xff,0xff,0xff,0x0,0xff,0xff,0xff,0x0,0xff,0xff,0xff,
  0x0,0xff,0xff,0xff,0x0,0x0,0x0,0xff,0x1,0x36,0x22,0xd7,0x26,0x38,0x20,0xd9,
  0x57,0x35,0x1e,0xd9,0x43,0x30,0x20,0xdf,0x10,0xff,0xff,0xff,0x0,0xff,0xff,0xff,
  0x0,0xff,0xff,0xff,0x0,0xff,0xff,0xff,0x0,0xff,0xff,0xff,0x0,0xff,0xff,0xff,
  0x0,0xff,0xff,0xff,0x0,0xff,0xff,0xff,0x0,0xff,0xff,0xff,0x0,0xff,0xff,0xff,
  0x0,0x40,0x2b,0xd5,0xc,0x37,0x1f,0xdb,0x9a,0x37,0x20,0xda,0xff,0x37,0x20,0xda,
  0xff,0x37,0x20,0xda,0xff,0x37,0x20,0xda,0xff,0x37,0x1f,0xda,0xdb,0x38,0x1e,0xd8,
  0x3b,0xff,0xff,0xff,0x0,0xff,0xff,0xff,0x0,0xff,0xff,0xff,0x0,0xff,0xff,0xff,
  0x0,0xff,0xff,0xff,0x0,0xff,0xff,0xff,0x0,0xff,0xff,0xff,0x0,0xff,0xff,0xff,
  0x0,0x38,0x1e,0xd8,0x3b,0x37,0x1f,0xda,0xdb,0x37,0x20,0xda,0xff,0x37,0x20,0xda,
  0xff,0x37,0x20,0xda,0xff,0x37,0x20,0xda,0xff,0x37,0x1f,0xdb,0x9a,0x40,0x2b,0xd5,
  0xc,0xff,0xff,0xff,0x0,0xff,0xff,0xff,0x0,0xff,0xff,0xff,0x0,0xff,0xff,0xff,
  0x0,0xff,0xff,0xff,0x0,0xff,0xff,0xff,0x0,0xff,0xff,0xff,0x0,0x40,0x2b,0xd5,
  0xc,0x37,0x20,0xda,0xd8,0x37,0x20,0xda,0xff,0x37,0x20,0xda,0xff,0x37,0x20,0xda,
  0xff,0x37,0x20,0xda,0xff,0x37,0x20,0xda,0xff,0x37,0x20,0xda,0xff,0x37,0x20,0xda,
  0xfd,0x37,0x20,0xd9,0x58,0xff,0xff,0xff,0x0,0xff,0xff,0xff,0x0,0xff,0xff,0xff,
  0x0,0xff,0xff,0xff,0x0,0xff,0xff,0xff,0x0,0xff,0xff,0xff,0x0,0x37,0x20,0xd9,
  0x58,0x37,0x20,0xda,0xfd,0x37,0x20,0xda,0xff,0x37,0x20,0xda,0xff,0x37,0x20,0xda,
  0xff,0x37,0x20,0xda,0xff,0x37,0x20,0xda,0xff,0x37,0x20,0xda,0xff,0x37,0x20,0xda,
  0xd8,0x40,0x2b,0xd5,0xc,0xff,0xff,0xff,0x0,0xff,0xff,0xff,0x0,0xff,0xff,0xff,
  0x0,0xff,0xff,0xff,0x0,0xff,0xff,0xff,0x0,0xff,0xff,0xff,0x0,0x37,0x1f,0xdb,
  0x9a,0x37,0x20,0xda,0xff,0x37,0x20,0xda,0xff,0x37,0x20,0xda,0xff,0x37,0x20,0xda,
  0xff,0x37,0x20,0xda,0xff,0x37,0x20,0xda,0xff,0x37,0x20,0xda,0xff,0x37,0x20,0xda,
  0xff,0x37,0x20,0xda,0xef,0x39,0x1c,0xd9,0x1b,0xff,0xff,0xff,0x0,0xff,0xff,0xff,
  0x0,0xff,0xff,0xff,0x0,0xff,0xff,0xff,0x0,0x39,0x1c,0xd9,0x1b,0x37,0x20,0xda,
  0xef,0x37,0x20,0xda,0xff,0x37,0x20,0xda,0xff,0x37,0x20,0xda,0xff,0x37,0x20,0xda,
  0xff,0x37,0x20,0xda,0xff,0x37,0x20,0xda,0xff,0x37,0x20,0xda,0xff,0x37,0x20,0xda,
  0xff,0x37,0x1f,0xdb,0x9a,0xff,0xff,0xff,0x0,0xff,0xff,0xff,0x0,0xff,0xff,0xff,
  0x0,0xff,0xff,0xff,0x0,0xff,0xff,0xff,0x0,0x30,0x20,0xdf,0x10,0x37,0x20,0xda,
  0xff,0x37,0x20,0xda,0xff,0x37,0x20,0xda,0xff,0x37,0x20,0xda,0xff,0x37,0x20,0xda,
  0xff,0x37,0x20,0xda,0xff,0x37,0x20,0xda,0xff,0x37,0x20,0xda,0xff,0x37,0x20,0xda,
  0xff,0x37,0x20,0xda,0xff,0x36,0x20,0xdb,0x7f,0xff,0xff,0xff,0x0,0xff,0xff,0xff,
  0x0,0xff,0xff,0xff,0x0,0xff,0xff,0xff,0x0,0x36,0x20,0xdb,0x7f,0x37,0x20,0xda,
  0xff,0x37,0x20,0xda,0xff,0x37,0x20,0xda,0xff,0x37,0x20,0xda,0xff,0x37,0x20,0xda,
  0xff,0x37,0x20,0xda,0xff,0x37,0x20,0xda,0xff,0x37,0x20,0xda,0xff,0x37,0x20,0xda,
  0xff,0x37,0x20,0xda,0xff,0x30,0x20,0xdf,0x10,0xff,0xff,0xff,0x0,0xff,0xff,0xff,
  0x0,0xff,0xff,0xff,0x0,0xff,0xff,0xff,0x0,0x35,0x1e,0xd9,0x43,0x37,0x20,0xda,
  0xff,0x37,0x20,0xda,0xff,0x37,0x20,0xda,0xff,0x37,0x20,0xda,0xff,0x37,0x20,0xda,
  0xff,0x37,0x20,0xda,0xff,0x37,0x20,0xda,0xff,0x37,0x20,0xda,0xff,0x37,0x20,0xda,
  0xff,0x37,0x20,0xda,0xff,0x38,0x1f,0xda,0xb3,0xff,0xff,0xff,0x0,0xff,0xff,0xff,
  0x0,0xff,0xff,0xff,0x0,0xff,0xff,0xff,0x0,0x38,0x1f,0xda,0xb3,0x37,0x20,0xda,
  0xff,0x37,0x20,0xda,0xff,0x37,0x20,0xda,0xff,0x37,0x20,0xda,0xff,0x37,0x20,0xda,
  0xff,0x37,0x20,0xda,0xff,0x37,0x20,0xda,0xff,0x37,0x20,0xda,0xff,0x37,0x20,0xda,
  0xff,0x37,0x20,0xda,0xff,0x35,0x1e,0xd9,0x43,0xff,0xff,0xff,0x0,0xff,0xff,0xff,
  0x0,0xff,0xff,0xff,0x0,0xff,0xff,0xff,0x0,0x38,0x20,0xd9,0x57,0x37,0x20,0xda,
  0xff,0x37,0x20,0xda,0xff,0x37,0x20,0xda,0xff,0x37,0x20,0xda,0xff,0x37,0x20,0xda,
  0xff,0x37,0x20,0xda,0xff,0x37,0x20,0xda,0xff,0x37,0x20,0xda,0xff,0x37,0x20,0xda,
  0xff,0x37,0x20,0xda,0xff,0x37,0x20,0xda,0xc7,0xff,0xff,0xff,0x0,0xff,0xff,0xff,
  0x0,0xff,0xff,0xff,0x0,0xff,0xff,0xff,0x0,0x37,0x20,0xda,0xc7,0x37,0x20,0xda,
  0xff,0x37,0x20,0xda,0xff,0x37,0x20,0xda,0xff,0x37,0x20,0xda,0xff,0x37,0x20,0xda,
  0xff,0x37,0x20,0xda,0xff,0x37,0x20,0xda,0xff,0x37,0x20,0xda,0xff,0x37,0x20,0xda,
  0xff,0x37,0x20,0xda,0xff,0x38,0x20,0xd9,0x57,0xff,0xff,0xff,0x0,0xff,0xff,0xff,
  0x0,0xff,0xff,0xff,0x0,0xff,0xff,0xff,0x0,0x36,0x22,0xd7,0x26,0x37,0x20,0xda,
  0xff,0x37,0x20,0xda,0xff,0x37,0x20,0xda,0xff,0x37,0x20,0xda,0xff,0x37,0x20,0xda,
  0xff,0x37,0x20,0xda,0xff,0x37,0x20,0xda,0xff,0x37,0x20,0xda,0xff,0x37,0x20,0xda,
  0xff,0x37,0x20,0xda,0xff,0x36,0x20,0xda,0x96,0xff,0xff,0xff,0x0,0xff,0xff,0xff,
  0x0,0xff,0xff,0xff,0x0,0xff,0xff,0xff,0x0,0x36,0x20,0xda,0x96,0x37,0x20,0xda,
  0xff,0x37,0x20,0xda,0xff,0x37,0x20,0xda,0xff,0x37,0x20,0xda,0xff,0x37,0x20,0xda,
  0xff,0x37,0x20,0xda,0xff,0x37,0x20,0xda,0xff,0x37,0x20,0xda,0xff,0x37,0x20,0xda,
  0xff,0x37,0x20,0xda,0xff,0x36,0x22,0xd7,0x26,0xff,0xff,0xff,0x0,0xff,0xff,0xff,
  0x0,0xff,0xff,0xff,0x0,0xff,0xff,0xff,0x0,0x0,0x0,0xff,0x1,0x37,0x1f,0xda,
  0xdb,0x37,0x20,0xda,0xff,0x37,0x20,0xda,0xff,0x37,0x20,0xda,0xff,0x37,0x20,0xda,
  0xff,0x37,0x20,0xda,0xff,0x37,0x20,0xda,0xff,0x37,0x20,0xda,0xff,0x37,0x20,0xda,
  0xff,0x37,0x20,0xda,0xff,0x38,0x21,0xdb,0x4d,0xff,0xff,0xff,0x0,0xff,0xff,0xff,
  0x0,0xff,0xff,0xff,0x0,0xff,0xff,0xff,0x0,0x38,0x21,0xdb,0x4d,0x37,0x20,0xda,
  0xff,0x37,0x20,0xda,0xff,0x37,0x20,0xda,0xff,0x37,0x20,0xda,0xff,0x37,0x20,0xda,
  0xff,0x37,0x20,0xda,0xff,0x37,0x20,0xda,0xff,0x37,0x20,0xda,0xff,0x37,0x20,0xda,
  0xff,0x37,0x1f,0xda,0xdb,0x0,0x0,0xff,0x1,0xff,0xff,0xff,0x0,0xff,0xff,0xff,
  0x0,0xff,0xff,0xff,0x0,0xff,0xff,0xff,0x0,0xff,0xff,0xff,0x0,0x38,0x1e,0xd8,
  0x3b,0x37,0x20,0xda,0xfd,0x37,0x20,0xda,0xff,0x37,0x20,0xda,0xff,0x37,0x20,0xda,
  0xff,0x37,0x20,0xda,0xff,0x37,0x20,0xda,0xff,0x37,0x20,0xda,0xff,0x37,0x20,0xda,
  0xff,0x37,0x20,0xdb,0xa8,0xff,0xff,0xff,0x0,0xff,0xff,0xff,0x0,0xff,0xff,0xff,
  0x0,0xff,0xff,0xff,0x0,0xff,0xff,0xff,0x0,0xff,0xff,0xff,0x0,0x37,0x20,0xdb,
  0xa8,0x37,0x20,0xda,0xff,0x37,0x20,0xda,0xff,0x37,0x20,0xda,0xff,0x37,0x20,0xda,
  0xff,0x37,0x20,0xda,0xff,0x37,0x20,0xda,0xff,0x37,0x20,0xda,0xff,0x37,0x20,0xda,
  0xfd,0x38,0x1e,0xd8,0x3b,0xff,0xff,0xff,0x0,0xff,0xff,0xff,0x0,0xff,0xff,0xff,
  0x0,0xff,0xff,0xff,0x0,0xff,0xff,0xff,0x0,0xff,0xff,0xff,0x0,0xff,0xff,0xff,
  0x0,0x37,0x20,0xd9,0x58,0x37,0x20,0xda,0xef,0x37,0x20,0xda,0xff,0x37,0x20,0xda,
  0xff,0x37,0x20,0xda,0xff,0x37,0x20,0xda,0xff,0x37,0x20,0xda,0xff,0x37,0x20,0xdb,
  0xa8,0x33,0x22,0xdd,0xf,0xff,0xff,0xff,0x0,0xff,0xff,0xff,0x0,0xff,0xff,0xff,
  0x0,0xff,0xff,0xff,0x0,0xff,0xff,0xff,0x0,0xff,0xff,0xff,0x0,0x33,0x22,0xdd,
  0xf,0x37,0x20,0xdb,0xa8,0x37,0x20,0xda,0xff,0x37,0x20,0xda,0xff,0x37,0x20,0xda,
  0xff,0x37,0x20,0xda,0xff,0x37,0x20,0xda,0xff,0x37,0x20,0xda,0xef,0x37,0x20,0xd9,
  0x58,0xff,0xff,0xff,0x0,0xff,0xff,0xff,0x0,0xff,0xff,0xff,0x0,0xff,0xff,0xff,
  0x0,0xff,0xff,0xff,0x0,0xff,0xff,0xff,0x0,0xff,0xff,0xff,0x0,0xff,0xff,0xff,
  0x0,0xff,0xff,0xff,0x0,0x39,0x1c,0xd9,0x1b,0x36,0x20,0xdb,0x7f,0x38,0x1f,0xda,
  0xb3,0x37,0x20,0xda,0xc7,0x36,0x20,0xda,0x96,0x38,0x21,0xdb,0x4d,0xff,0xff,0xff,
  0x0,0xff,0xff,0xff,0x0,0xff,0xff,0xff,0x0,0xff,0xff,0xff,0x0,0xff,0xff,0xff,
  0x0,0xff,0xff,0xff,0x0,0xff,0xff,0xff,0x0,0xff,0xff,0xff,0x0,0xff,0xff,0xff,
  0x0,0xff,0xff,0xff,0x0,0x38,0x21,0xdb,0x4d,0x36,0x20,0xda,0x96,0x37,0x20,0xda,
  0xc7,0x38,0x1f,0xda,0xb3,0x36,0x20,0xdb,0x7f,0x39,0x1c,0xd9,0x1b,0xff,0xff,0xff,
  0x0,0xff,0xff,0xff,0x0,0xff,0xff,0xff,0x0,0xff,0xff,0xff,0x0,0xff,0xff,0xff,
  0x0,0xff,0xff,0xff,0x0,0xff,0xff,0xff,0x0,0xff,0xff,0xff,0x0,0xff,0xff,0xff,
  0x0,0xff,0xff,0xff,0x0,0xff,0xff,0xff,0x0,0xff,0xff,0xff,0x0,0xff,0xff,0xff,
  0x0,0xff,0xff,0xff,0x0,0xff,0xff,0xff,0x0,0xff,0xff,0xff,0x0,0xff,0xff,0xff,
  0x0,0xff,0xff,0xff,0x0,0xff,0xff,0xff,0x0,0xff,0xff,0xff,0x0,0xff,0xff,0xff,
  0x0,0xff,0xff,0xff,0x0,0xff,0xff,0xff,0x0,0xff,0xff,0xff,0x0,0xff,0xff,0xff,
  0x0,0xff,0xff,0xff,0x0,0xff,0xff,0xff,0x0,0xff,0xff,0xff,0x0,0xff,0xff,0xff,
  0x0,0xff,0xff,0xff,0x0,0xff,0xff,0xff,0x0,0xff,0xff,0xff,0x0,0xff,0xff,0xff,
  0x0,0xff,0xff,0xff,0x0,0xff,0xff,0xff,0x0,0xff,0xff,0xff,0x0,0xff,0xff,0xff,
  0x0,0xff,0xff,0xff,0x0,0xff,0xff,0xff,0x0,0xff,0xff,0xff,0x0,0xff,0xff,0xff,
  0x0,0xff,0xff,0xff,0x0,0xff,0xff,0xff,0x0,0xff,0xff,0xff,0x0,0xff,0xff,0xff,
  0x0,0xff,0xff,0xff,0x0,0xff,0xff,0xff,0x0,0xff,0xff,0xff,0x0,0xff,0xff,0xff,
  0x0,0xff,0xff,0xff,0x0,0xff,0xff,0xff,0x0,0xff,0xff,0xff,0x0,0xff,0xff,0xff,
  0x0,0xff,0xff,0xff,0x0,0xff,0xff,0xff,0x0,0xff,0xff,0xff,0x0,0xff,0xff,0xff,
  0x0,0xff,0xff,0xff,0x0,0xff,0xff,0xff,0x0,0xff,0xff,0xff,0x0,0xff,0xff,0xff,
  0x0,0xff,0xff,0xff,0x0,0xff,0xff,0xff,0x0,0xff,0xff,0xff,0x0,0xff,0xff,0xff,
  0x0,0xff,0xff,0xff,0x0,0xff,0xff,0xff,0x0,0xff,0xff,0xff,0x0,0xff,0xff,0xff,
  0x0,0xff,0xff,0xff,0x0,0xff,0xff,0xff,0x0,0xff,0xff,0xff,0x0,0xff,0xff,0xff,
  0x0,0xff,0xff,0xff,0x0,0xff,0xff,0xff,0x0,0xff,0xff,0xff,0x0,0xff,0xff,0xff,
  0x0,0xff,0xff,0xff,0x0,0xff,0xff,0xff,0x0,0xff,0xff,0xff,0x0,0xff,0xff,0xff,
  0x0,0xff,0xff,0xff,0x0,0xff,0xff,0xff,0x0,0xff,0xff,0xff,0x0,0xff,0xff,0xff,
  0x0,0xff,0xff,0xff,0x0,0xff,0xff,0xff,0x0,0xff,0xff,0xff,0x0,0xff,0xff,0xff,
  0x0,0xff,0xff,0xff,0x0,0xff,0xff,0xff,0x0,0xff,0xff,0xff,0x0,0xff,0xff,0xff,
  0x0,0xff,0xff,0xff,0x0,0xff,0xff,0xff,0x0,0xff,0xff,0xff,0x0,0xff,0xff,0xff,
  0x0,0xff,0xff,0xff,0x0,0xff,0xff,0xff,0x0,0xff,0xff,0xff,0x0,0xff,0xff,0xff,
  0x0,0xff,0xff,0xff,0x0,0xff,0xff,0xff,0x0,0xff,0xff,0xff,0x0,0xff,0xff,0xff,
  0x0,0xff,0xff,0xff,0x0,0xff,0xff,0xff,0x0,0xff,0xff,0xff,0x0,0xff,0xff,0xff,
  0x0,0xff,0xff,0xff,0x0,0xff,0xff,0xff,0x0,0xff,0xff,0xff,0x0,0xff,0xff,0xff,
  0x0,0xff,0xff,0xff,0x0,0xff,0xff,0xff,0x0,0xff,0xff,0xff,0x0,0xff,0xff,0xff,
  0x0,0xff,0xff,0xff,0x0,0xff,0xff,0xff,0x0,0xff,0xff,0xff,0x0,0xff,0xff,0xff,
  0x0,0xff,0xff,0xff,0x0,0xff,0xff,0xff,0x0,0xff,0xff,0xff,0x0,0xff,0xff,0xff,
  0x0,0xff,0xff,0xff,0x0,0xff,0xff,0xff,0x0,0xff,0xff,0xff,0x0,0xff,0xff,0xff,
  0x0,0xff,0xff,0xff,0x0,0xff,0xff,0xff,0x0,0xff,0xff,0xff,0x0,0xff,0xff,0xff,
  0x0,0xff,0xff,0xff,0x0,0xff,0xff,0xff,0x0,0xff,0xff,0xff,0x0,0xff,0xff,0xff,
  0x0,0xff,0xff,0xff,0x0,0x39,0x1c,0xd9,0x1b,0x36,0x20,0xdb,0x7f,0x38,0x1f,0xda,
  0xb3,0x37,0x20,0xda,0xc7,0x36,0x20,0xda,0x96,0x38,0x21,0xdb,0x4d,0xff,0xff,0xff,
  0x0,0xff,0xff,0xff,0x0,0xff,0xff,0xff,0x0,0xff,0xff,0xff,0x0,0xff,0xff,0xff,
  0x0,0xff,0xff,0xff,0x0,0xff,0xff,0xff,0x0,0xff,0xff,0xff,0x0,0xff,0xff,0xff,
  0x0,0xff,0xff,0xff,0x0,0x38,0x21,0xdb,0x4d,0x36,0x20,0xda,0x96,0x37,0x20,0xda,
  0xc7,0x38,0x1f,0xda,0xb3,0x36,0x20,0xdb,0x7f,0x39,0x1c,0xd9,0x1b,0xff,0xff,0xff,
  0x0,0xff,0xff,0xff,0x0,0xff,0xff,0xff,0x0,0xff,0xff,0xff,0x0,0xff,0xff,0xff,
  0x0,0xff,0xff,0xff,0x0,0xff,0xff,0xff,0x0,0xff,0xff,0xff,0x0,0xff,0xff,0xff,
  0x0,0x37,0x20,0xd9,0x58,0x37,0x20,0xda,0xef,0x37,0x20,0xda,0xff,0x37,0x20,0xda,
  0xff,0x37,0x20,0xda,0xff,0x37,0x20,0xda,0xff,0x37,0x20,0xda,0xff,0x37,0x20,0xdb,
  0xa8,0x33,0x22,0xdd,0xf,0xff,0xff,0xff,0x0,0xff,0xff,0xff,0x0,0xff,0xff,0xff,
  0x0,0xff,0xff,0xff,0x0,0xff,0xff,0xff,0x0,0xff,0xff,0xff,0x0,0x33,0x22,0xdd,
  0xf,0x37,0x20,0xdb,0xa8,0x37,0x20,0xda,0xff,0x37,0x20,0xda,0xff,0x37,0x20,0xda,
  0xff,0x37,0x20,0xda,0xff,0x37,0x20,0xda,0xff,0x37,0x20,0xda,0xef,0x37,0x20,0xd9,
  0x58,0xff,0xff,0xff,0x0,0xff,0xff,0xff,0x0,0xff,0xff,0xff,0x0,0xff,0xff,0xff,
  0x0,0xff,0xff,0xff,0x0,0xff,0xff,0xff,0x0,0xff,0xff,0xff,0x0,0x38,0x1e,0xd8,
  0x3b,0x37,0x20,0xda,0xfd,0x37,0x20,0xda,0xff,0x37,0x20,0xda,0xff,0x37,0x20,0xda,
  0xff,0x37,0x20,0xda,0xff,0x37,0x20,0xda,0xff,0x37,0x20,0xda,0xff,0x37,0x20,0xda,
  0xff,0x37,0x20,0xdb,0xa8,0xff,0xff,0xff,0x0,0xff,0xff,0xff,0x0,0xff,0xff,0xff,
  0x0,0xff,0xff,0xff,0x0,0xff,0xff,0xff,0x0,0xff,0xff,0xff,0x0,0x37,0x20,0xdb,
  0xa8,0x37,0x20,0xda,0xff,0x37,0x20,0xda,0xff,0x37,0x20,0xda,0xff,0x37,0x20,0xda,
  0xff,0x37,0x20,0xda,0xff,0x37,0x20,0xda,0xff,0x37,0x20,0xda,0xff,0x37,0x20,0xda,
  0xfd,0x38,0x1e,0xd8,0x3b,0xff,0xff,0xff,0x0,0xff,0xff,0xff,0x0,0xff,0xff,0xff,
  0x0,0xff,0xff,0xff,0x0,0xff,0xff,0xff,0x0,0x0,0x0,0xff,0x1,0x37,0x1f,0xda,
  0xdb,0x37,0x20,0xda,0xff,0x37,0x20,0xda,0xff,0x37,0x20,0xda,0xff,0x37,0x20,0xda,
  0xff,0x37,0x20,0xda,0xff,0x37,0x20,0xda,0xff,0x37,0x20,0xda,0xff,0x37,0x20,0xda,
  0xff,0x37,0x20,0xda,0xff,0x38,0x21,0xdb,0x4d,0xff,0xff,0xff,0x0,0xff,0xff,0xff,
  0x0,0xff,0xff,0xff,0x0,0xff,0xff,0xff,0x0,0x38,0x21,0xdb,0x4d,0x37,0x20,0xda,
  0xff,0x37,0x20,0xda,0xff,0x37,0x20,0xda,0xff,0x37,0x20,0xda,0xff,0x37,0x20,0xda,
  0xff,0x37,0x20,0xda,0xff,0x37,0x20,0xda,0xff,0x37,0x20,0xda,0xff,0x37,0x20,0xda,
  0xff,0x37,0x1f,0xda,0xdb,0x0,0x0,0xff,0x1,0xff,0xff,0xff,0x0,0xff,0xff,0xff,
  0x0,0xff,0xff,0xff,0x0,0xff,0xff,0xff,0x0,0x36,0x22,0xd7,0x26,0x37,0x20,0xda,
  0xff,0x37,0x20,0xda,0xff,0x37,0x20,0xda,0xff,0x37,0x20,0xda,0xff,0x37,0x20,0xda,
  0xff,0x37,0x20,0xda,0xff,0x37,0x20,0xda,0xff,0x37,0x20,0xda,0xff,0x37,0x20,0xda,
  0xff,0x37,0x20,0xda,0xff,0x36,0x20,0xda,0x96,0xff,0xff,0xff,0x0,0xff,0xff,0xff,
  0x0,0xff,0xff,0xff,0x0,0xff,0xff,0xff,0x0,0x36,0x20,0xda,0x96,0x37,0x20,0xda,
  0xff,0x37,0x20,0xda,0xff,0x37,0x20,0xda,0xff,0x37,0x20,0xda,0xff,0x37,0x20,0xda,
  0xff,0x37,0x20,0xda,0xff,0x37,0x20,0xda,0xff,0x37,0x20,0xda,0xff,0x37,0x20,0xda,
  0xff,0x37,0x20,0xda,0xff,0x36,0x22,0xd7,0x26,0xff,0xff,0xff,0x0,0xff,0xff,0xff,
  0x0,0xff,0xff,0xff,0x0,0xff,0xff,0xff,0x0,0x38,0x20,0xd9,0x57,0x37,0x20,0xda,
  0xff,0x37,0x20,0xda,0xff,0x37,0x20,0xda,0xff,0x37,0x20,0xda,0xff,0x37,0x20,0xda,
  0xff,0x37,0x20,0xda,0xff,0x37,0x20,0xda,0xff,0x37,0x20,0xda,0xff,0x37,0x20,0xda,
  0xff,0x37,0x20,0xda,0xff,0x37,0x20,0xda,0xc7,0xff,0xff,0xff,0x0,0xff,0xff,0xff,
  0x0,0xff,0xff,0xff,0x0,0xff,0xff,0xff,0x0,0x37,0x20,0xda,0xc7,0x37,0x20,0xda,
  0xff,0x37,0x20,0xda,0xff,0x37,0x20,0xda,0xff,0x37,0x20,0xda,0xff,0x37,0x20,0xda,
  0xff,0x37,0x20,0xda,0xff,0x37,0x20,0xda,0xff,0x37,0x20,0xda,0xff,0x37,0x20,0xda,
  0xff,0x37,0x20,0xda,0xff,0x38,0x20,0xd9,0x57,0xff,0xff,0xff,0x0,0xff,0xff,0xff,
  0x0,0xff,0xff,0xff,0x0,0xff,0xff,0xff,0x0,0x35,0x1e,0xd9,0x43,0x37,0x20,0xda,
  0xff,0x37,0x20,0xda,0xff,0x37,0x20,0xda,0xff,0x37,0x20,0xda,0xff,0x37,0x20,0xda,
  0xff,0x37,0x20,0xda,0xff,0x37,0x20,0xda,0xff,0x37,0x20,0xda,0xff,0x37,0x20,0xda,
  0xff,0x37,0x20,0xda,0xff,0x38,0x1f,0xda,0xb3,0xff,0xff,0xff,0x0,0xff,0xff,0xff,
  0x0,0xff,0xff,0xff,0x0,0xff,0xff,0xff,0x0,0x38,0x1f,0xda,0xb3,0x37,0x20,0xda,
  0xff,0x37,0x20,0xda,0xff,0x37,0x20,0xda,0xff,0x37,0x20,0xda,0xff,0x37,0x20,0xda,
  0xff,0x37,0x20,0xda,0xff,0x37,0x20,0xda,0xff,0x37,0x20,0xda,0xff,0x37,0x20,0xda,
  0xff,0x37,0x20,0xda,0xff,0x35,0x1e,0xd9,0x43,0xff,0xff,0xff,0x0,0xff,0xff,0xff,
  0x0,0xff,0xff,0xff,0x0,0xff,0xff,0xff,0x0,0x30,0x20,0xdf,0x10,0x37,0x20,0xda,
  0xff,0x37,0x20,0xda,0xff,0x37,0x20,0xda,0xff,0x37,0x20,0xda,0xff,0x37,0x20,0xda,
  0xff,0x37,0x20,0xda,0xff,0x37,0x20,0xda,0xff,0x37,0x20,0xda,0xff,0x37,0x20,0xda,
  0xff,0x37,0x20,0xda,0xff,0x36,0x20,0xdb,0x7f,0xff,0xff,0xff,0x0,0xff,0xff,0xff,
  0x0,0xff,0xff,0xff,0x0,0xff,0xff,0xff,0x0,0x36,0x20,0xdb,0x7f,0x37,0x20,0xda,
  0xff,0x37,0x20,0xda,0xff,0x37,0x20,0xda,0xff,0x37,0x20,0xda,0xff,0x37,0x20,0xda,
  0xff,0x37,0x20,0xda,0xff,0x37,0x20,0xda,0xff,0x37,0x20,0xda,0xff,0x37,0x20,0xda,
  0xff,0x37,0x20,0xda,0xff,0x30,0x20,0xdf,0x10,0xff,0xff,0xff,0x0,0xff,0xff,0xff,
  0x0,0xff,0xff,0xff,0x0,0xff,0xff,0xff,0x0,0xff,0xff,0xff,0x0,0x37,0x1f,0xdb,
  0x9a,0x37,0x20,0xda,0xff,0x37,0x20,0xda,0xff,0x37,0x20,0xda,0xff,0x37,0x20,0xda,
  0xff,0x37,0x20,0xda,0xff,0x37,0x20,0xda,0xff,0x37,0x20,0xda,0xff,0x37,0x20,0xda,
  0xff,0x37,0x20,0xda,0xef,0x39,0x1c,0xd9,0x1b,0xff,0xff,0xff,0x0,0xff,0xff,0xff,
  0x0,0xff,0xff,0xff,0x0,0xff,0xff,0xff,0x0,0x39,0x1c,0xd9,0x1b,0x37,0x20,0xda,
  0xef,0x37,0x20,0xda,0xff,0x37,0x20,0xda,0xff,0x37,0x20,0xda,0xff,0x37,0x20,0xda,
  0xff,0x37,0x20,0xda,0xff,0x37,0x20,0xda,0xff,0x37,0x20,0xda,0xff,0x37,0x20,0xda,
  0xff,0x37,0x1f,0xdb,0x9a,0xff,0xff,0xff,0x0,0xff,0xff,0xff,0x0,0xff,0xff,0xff,
  0x0,0xff,0xff,0xff,0x0,0xff,0xff,0xff,0x0,0xff,0xff,0xff,0x0,0x40,0x2b,0xd5,
  0xc,0x37,0x20,0xda,0xd8,0x37,0x20,0xda,0xff,0x37,0x20,0xda,0xff,0x37,0x20,0xda,
  0xff,0x37,0x20,0xda,0xff,0x37,0x20,0xda,0xff,0x37,0x20,0xda,0xff,0x37,0x20,0xda,
  0xfd,0x37,0x20,0xd9,0x58,0xff,0xff,0xff,0x0,0xff,0xff,0xff,0x0,0xff,0xff,0xff,
  0x0,0xff,0xff,0xff,0x0,0xff,0xff,0xff,0x0,0xff,0xff,0xff,0x0,0x37,0x20,0xd9,
  0x58,0x37,0x20,0xda,0xfd,0x37,0x20,0xda,0xff,0x37,0x20,0xda,0xff,0x37,0x20,0xda,
  0xff,0x37,0x20,0xda,0xff,0x37,0x20,0xda,0xff,0x37,0x20,0xda,0xff,0x37,0x20,0xda,
  0xd8,0x40,0x2b,0xd5,0xc,0xff,0xff,0xff,0x0,0xff,0xff,0xff,0x0,0xff,0xff,0xff,
  0x0,0xff,0xff,0xff,0x0,0xff,0xff,0xff,0x0,0xff,0xff,0xff,0x0,0xff,0xff,0xff,
  0x0,0x40,0x2b,0xd5,0xc,0x37,0x1f,0xdb,0x9a,0x37,0x20,0xda,0xff,0x37,0x20,0xda,
  0xff,0x37,0x20,0xda,0xff,0x37,0x20,0xda,0xff,0x37,0x1f,0xda,0xdb,0x38,0x1e,0xd8,
  0x3b,0xff,0xff,0xff,0x0,0xff,0xff,0xff,0x0,0xff,0xff,0xff,0x0,0xff,0xff,0xff,
  0x0,0xff,0xff,0xff,0x0,0xff,0xff,0xff,0x0,0xff,0xff,0xff,0x0,0xff,0xff,0xff,
  0x0,0x38,0x1e,0xd8,0x3b,0x37,0x1f,0xda,0xdb,0x37,0x20,0xda,0xff,0x37,0x20,0xda,
  0xff,0x37,0x20,0xda,0xff,0x37,0x20,0xda,0xff,0x37,0x1f,0xdb,0x9a,0x40,0x2b,0xd5,
  0xc,0xff,0xff,0xff,0x0,0xff,0xff,0xff,0x0,0xff,0xff,0xff,0x0,0xff,0xff,0xff,
  0x0,0xff,0xff,0xff,0x0,0xff,0xff,0xff,0x0,0xff,0xff,0xff,0x0,0xff,0xff,0xff,
  0x0,0xff,0xff,0xff,0x0,0xff,0xff,0xff,0x0,0x30,0x20,0xdf,0x10,0x35,0x1e,0xd9,
  0x43,0x38,0x20,0xd9,0x57,0x36,0x22,0xd7,0x26,0x0,0x0,0xff,0x1,0xff,0xff,0xff,
  0x0,0xff,0xff,0xff,0x0,0xff,0xff,0xff,0x0,0xff,0xff,0xff,0x0,0xff,0xff,0xff,
  0x0,0xff,0xff,0xff,0x0,0xff,0xff,0xff,0x0,0xff,0xff,0xff,0x0,0xff,0xff,0xff,
  0x0,0xff,0xff,0xff,0x0,0x0,0x0,0xff,0x1,0x36,0x22,0xd7,0x26,0x38,0x20,0xd9,
  0x57,0x35,0x1e,0xd9,0x43,0x30,0x20,0xdf,0x10,0xff,0xff,0xff,0x0,0xff,0xff,0xff,
  0x0,0xff,0xff,0xff,0x0,0xff,0xff,0xff,0x0,0xff,0xff,0xff,0x0,0xff,0xff,0xff,
  0x0,0xff,0xff,0xff,0x0,0xff,0xff,0xff,0x0,0xff,0xff,0xff,0x0,0xff,0xff,0xff,
  0x0,0xff,0xff,0xff,0x0,0xff,0xff,0xff,0x0,0xff,0xff,0xff,0x0,0xff,0xff,0xff,
  0x0,0xff,0xff,0xff,0x0,0xff,0xff,0xff,0x0,0xff,0xff,0xff,0x0,0xff,0xff,0xff,
  0x0,0xff,0xff,0xff,0x0,0xff,0xff,0xff,0x0,0xff,0xff,0xff,0x0,0xff,0xff,0xff,
  0x0,0xff,0xff,0xff,0x0,0xff,0xff,0xff,0x0,0xff,0xff,0xff,0x0,0xff,0xff,0xff,
  0x0,0xff,0xff,0xff,0x0,0xff,0xff,0xff,0x0,0xff,0xff,0xff,0x0,0xff,0xff,0xff,
  0x0,0xff,0xff,0xff,0x0,0xff,0xff,0xff,0x0,0xff,0xff,0xff,0x0,0xff,0xff,0xff,
  0x0,0xff,0xff,0xff,0x0,0xff,0xff,0xff,0x0,0xff,0xff,0xff,0x0,0xff,0xff,0xff,
  0x0,0xff,0xff,0xff,0x0,0xff,0xff,0xff,0x0,0xff,0xff,0xff,0x0,0xff,0xff,0xff,
  0x0,0xff,0xff,0xff,0x0,0xff,0xff,0xff,0x0,0xff,0xff,0xff,0x0,0xff,0xff,0xff,
  0x0,0xff,0xff,0xff,0x0,0xff,0xff,0xff,0x0,0xff,0xff,0xff,0x0,0xff,0xff,0xff,
  0x0,0xff,0xff,0xff,0x0,0xff,0xff,0xff,0x0,0xff,0xff,0xff,0x0,0xff,0xff,0xff,
  0x0,0xff,0xff,0xff,0x0,0xff,0xff,0xff,0x0,0xff,0xff,0xff,0x0,0xff,0xff,0xff,
  0x0,0xff,0xff,0xff,0x0,0xff,0xff,0xff,0x0,0xff,0xff,0xff,0x0,0xff,0xff,0xff,
  0x0,0xff,0xff,0xff,0x0,0xff,0xff,0xff,0x0,0xff,0xff,0xff,0x0,0xff,0xff,0xff,
  0x0,0xff,0xff,0xff,0x0,0xff,0xff,0xff,0x0,0xff,0xff,0xff,0x0,0xff,0xff,0xff,
  0x0,0xff,0xff,0xff,0xff,0xff,0xff,0xff,0xff,0xff,0xff,0xff,0xff,0xf8,0x1f,0xf8,
  0x1f,0xf0,0xf,0xf0,0xf,0xe0,0x7,0xe0,0x7,0xe0,0x7,0xe0,0x7,0xe0,0x3,0xc0,
  0x7,0xe0,0x3,0xc0,0x7,0xe0,0x3,0xc0,0x7,0xe0,0x7,0xe0,0x7,0xf0,0x7,0xe0,
  0xf,0xf8,0xf,0xf0,0x1f,0xfe,0x3f,0xfc,0x7f,0xff,0xff,0xff,0xff,0xff,0xff,0xff,
  0xff,0xff,0xff,0xff,0xff,0xff,0xff,0xff,0xff,0xfe,0x3f,0xfc,0x7f,0xf8,0xf,0xf0,
  0x1f,0xf0,0x7,0xe0,0xf,0xe0,0x7,0xe0,0x7,0xe0,0x3,0xc0,0x7,0xe0,0x3,0xc0,
  0x7,0xe0,0x3,0xc0,0x7,0xe0,0x7,0xe0,0x7,0xe0,0x7,0xe0,0x7,0xf0,0xf,0xf0,
  0xf,0xf8,0x1f,0xf8,0x1f,0xff,0xff,0xff,0xff,0xff,0xff,0xff,0xff,0xff,0xff,0xff,
  0xff,0x28,0x0,0x0,0x0,0x10,0x0,0x0,0x0,0x20,0x0,0x0,0x0,0x1,0x0,0x20,
  0x0,0x0,0x0,0x0,0x0,0x0,0x0,0x0,0x0,0x0,0x0,0x0,0x0,0x0,0x0,0x0,
  0x0,0x0,0x0,0x0,0x0,0x0,0x0,0x0,0x0,0xff,0xff,0xff,0x0,0xff,0xff,0xff,
  0x0,0xff,0xff,0xff,0x0,0xff,0xff,0xff,0x0,0xff,0xff,0xff,0x0,0xff,0xff,0xff,
  0x0,0xff,0xff,0xff,0x0,0xff,0xff,0xff,0x0,0xff,0xff,0xff,0x0,0xff,0xff,0xff,
  0x0,0xff,0xff,0xff,0x0,0xff,0xff,0xff,0x0,0xff,0xff,0xff,0x0,0xff,0xff,0xff,
  0x0,0xff,0xff,0xff,0x0,0xff,0xff,0xff,0x0,0xff,0xff,0xff,0x0,0xff,0xff,0xff,
  0x0,0x39,0x1c,0xd5,0x12,0x36,0x20,0xda,0x76,0x37,0x1f,0xda,0x8b,0x35,0x1e,0xda,
  0x22,0xff,0xff,0xff,0x0,0xff,0xff,0xff,0x0,0xff,0xff,0xff,0x0,0xff,0xff,0xff,
  0x0,0x35,0x1e,0xda,0x22,0x37,0x1f,0xda,0x8b,0x36,0x20,0xda,0x76,0x39,0x1c,0xd5,
  0x12,0xff,0xff,0xff,0x0,0xff,0xff,0xff,0x0,0xff,0xff,0xff,0x0,0x39,0x1c,0xd5,
  0x12,0x37,0x20,0xda,0xf2,0x37,0x20,0xda,0xff,0x37,0x20,0xda,0xff,0x37,0x20,0xda,
  0xfd,0x36,0x21,0xd9,0x3d,0xff,0xff,0xff,0x0,0xff,0xff,0xff,0x0,0x36,0x21,0xd9,
  0x3d,0x37,0x20,0xda,0xfd,0x37,0x20,0xda,0xff,0x37,0x20,0xda,0xff,0x37,0x20,0xda,
  0xf2,0x39,0x1c,0xd5,0x12,0xff,0xff,0xff,0x0,0xff,0xff,0xff,0x0,0x36,0x20,0xda,
  0x76,0x37,0x20,0xda,0xff,0x37,0x20,0xda,0xff,0x37,0x20,0xda,0xff,0x37,0x20,0xda,
  0xff,0x36,0x20,0xd9,0xa9,0xff,0xff,0xff,0x0,0xff,0xff,0xff,0x0,0x36,0x20,0xd9,
  0xa9,0x37,0x20,0xda,0xff,0x37,0x20,0xda,0xff,0x37,0x20,0xda,0xff,0x37,0x20,0xda,
  0xff,0x36,0x20,0xda,0x76,0xff,0xff,0xff,0x0,0xff,0xff,0xff,0x0,0x37,0x1f,0xda,
  0x8b,0x37,0x20,0xda,0xff,0x37,0x20,0xda,0xff,0x37,0x20,0xda,0xff,0x37,0x20,0xda,
  0xff,0x38,0x21,0xda,0xbc,0xff,0xff,0xff,0x0,0xff,0xff,0xff,0x0,0x38,0x21,0xda,
  0xbc,0x37,0x20,0xda,0xff,0x37,0x20,0xda,0xff,0x37,0x20,0xda,0xff,0x37,0x20,0xda,
  0xff,0x37,0x1f,0xda,0x8b,0xff,0xff,0xff,0x0,0xff,0xff,0xff,0x0,0x35,0x1e,0xda,
  0x22,0x37,0x20,0xda,0xfd,0x37,0x20,0xda,0xff,0x37,0x20,0xda,0xff,0x37,0x20,0xda,
  0xff,0x36,0x21,0xdb,0x55,0xff,0xff,0xff,0x0,0xff,0xff,0xff,0x0,0x36,0x21,0xdb,
  0x55,0x37,0x20,0xda,0xff,0x37,0x20,0xda,0xff,0x37,0x20,0xda,0xff,0x37,0x20,0xda,
  0xfd,0x35,0x1e,0xda,0x22,0xff,0xff,0xff,0x0,0xff,0xff,0xff,0x0,0xff,0xff,0xff,
  0x0,0x36,0x21,0xd9,0x3d,0x36,0x20,0xd9,0xa9,0x38,0x21,0xda,0xbc,0x36,0x21,0xdb,
  0x55,0x55,0x0,0xff,0x3,0xff,0xff,0xff,0x0,0xff,0xff,0xff,0x0,0x55,0x0,0xff,
  0x3,0x36,0x21,0xdb,0x55,0x38,0x21,0xda,0xbc,0x36,0x20,0xd9,0xa9,0x36,0x21,0xd9,
  0x3d,0xff,0xff,0xff,0x0,0xff,0xff,0xff,0x0,0xff,0xff,0xff,0x0,0xff,0xff,0xff,
  0x0,0xff,0xff,0xff,0x0,0xff,0xff,0xff,0x0,0xff,0xff,0xff,0x0,0xff,0xff,0xff,
  0x0,0xff,0xff,0xff,0x0,0xff,0xff,0xff,0x0,0xff,0xff,0xff,0x0,0xff,0xff,0xff,
  0x0,0xff,0xff,0xff,0x0,0xff,0xff,0xff,0x0,0xff,0xff,0xff,0x0,0xff,0xff,0xff,
  0x0,0xff,0xff,0xff,0x0,0xff,0xff,0xff,0x0,0xff,0xff,0xff,0x0,0xff,0xff,0xff,
  0x0,0xff,0xff,0xff,0x0,0xff,0xff,0xff,0x0,0xff,0xff,0xff,0x0,0xff,0xff,0xff,
  0x0,0xff,0xff,0xff,0x0,0xff,0xff,0xff,0x0,0xff,0xff,0xff,0x0,0xff,0xff,0xff,
  0x0,0xff,0xff,0xff,0x0,0xff,0xff,0xff,0x0,0xff,0xff,0xff,0x0,0xff,0xff,0xff,
  0x0,0xff,0xff,0xff,0x0,0xff,0xff,0xff,0x0,0xff,0xff,0xff,0x0,0xff,0xff,0xff,
  0x0,0x36,0x21,0xd9,0x3d,0x36,0x20,0xd9,0xa9,0x38,0x21,0xda,0xbc,0x36,0x21,0xdb,
  0x55,0x55,0x0,0xff,0x3,0xff,0xff,0xff,0x0,0xff,0xff,0xff,0x0,0x55,0x0,0xff,
  0x3,0x36,0x21,0xdb,0x55,0x38,0x21,0xda,0xbc,0x36,0x20,0xd9,0xa9,0x36,0x21,0xd9,
  0x3d,0xff,0xff,0xff,0x0,0xff,0xff,0xff,0x0,0xff,0xff,0xff,0x0,0x35,0x1e,0xda,
  0x22,0x37,0x20,0xda,0xfd,0x37,0x20,0xda,0xff,0x37,0x20,0xda,0xff,0x37,0x20,0xda,
  0xff,0x36,0x21,0xdb,0x55,0xff,0xff,0xff,0x0,0xff,0xff,0xff,0x0,0x36,0x21,0xdb,
  0x55,0x37,0x20,0xda,0xff,0x37,0x20,0xda,0xff,0x37,0x20,0xda,0xff,0x37,0x20,0xda,
  0xfd,0x35,0x1e,0xda,0x22,0xff,0xff,0xff,0x0,0xff,0xff,0xff,0x0,0x37,0x1f,0xda,
  0x8b,0x37,0x20,0xda,0xff,0x37,0x20,0xda,0xff,0x37,0x20,0xda,0xff,0x37,0x20,0xda,
  0xff,0x38,0x21,0xda,0xbc,0xff,0xff,0xff,0x0,0xff,0xff,0xff,0x0,0x38,0x21,0xda,
  0xbc,0x37,0x20,0xda,0xff,0x37,0x20,0xda,0xff,0x37,0x20,0xda,0xff,0x37,0x20,0xda,
  0xff,0x37,0x1f,0xda,0x8b,0xff,0xff,0xff,0x0,0xff,0xff,0xff,0x0,0x36,0x20,0xda,
  0x76,0x37,0x20,0xda,0xff,0x37,0x20,0xda,0xff,0x37,0x20,0xda,0xff,0x37,0x20,0xda,
  0xff,0x36,0x20,0xd9,0xa9,0xff,0xff,0xff,0x0,0xff,0xff,0xff,0x0,0x36,0x20,0xd9,
  0xa9,0x37,0x20,0xda,0xff,0x37,0x20,0xda,0xff,0x37,0x20,0xda,0xff,0x37,0x20,0xda,
  0xff,0x36,0x20,0xda,0x76,0xff,0xff,0xff,0x0,0xff,0xff,0xff,0x0,0x39,0x1c,0xd5,
  0x12,0x37,0x20,0xda,0xf2,0x37,0x20,0xda,0xff,0x37,0x20,0xda,0xff,0x37,0x20,0xda,
  0xfd,0x36,0x21,0xd9,0x3d,0xff,0xff,0xff,0x0,0xff,0xff,0xff,0x0,0x36,0x21,0xd9,
  0x3d,0x37,0x20,0xda,0xfd,0x37,0x20,0xda,0xff,0x37,0x20,0xda,0xff,0x37,0x20,0xda,
  0xf2,0x39,0x1c,0xd5,0x12,0xff,0xff,0xff,0x0,0xff,0xff,0xff,0x0,0xff,0xff,0xff,
  0x0,0x39,0x1c,0xd5,0x12,0x36,0x20,0xda,0x76,0x37,0x1f,0xda,0x8b,0x35,0x1e,0xda,
  0x22,0xff,0xff,0xff,0x0,0xff,0xff,0xff,0x0,0xff,0xff,0xff,0x0,0xff,0xff,0xff,
  0x0,0x35,0x1e,0xda,0x22,0x37,0x1f,0xda,0x8b,0x36,0x20,0xda,0x76,0x39,0x1c,0xd5,
  0x12,0xff,0xff,0xff,0x0,0xff,0xff,0xff,0x0,0xff,0xff,0xff,0x0,0xff,0xff,0xff,
  0x0,0xff,0xff,0xff,0x0,0xff,0xff,0xff,0x0,0xff,0xff,0xff,0x0,0xff,0xff,0xff,
  0x0,0xff,0xff,0xff,0x0,0xff,0xff,0xff,0x0,0xff,0xff,0xff,0x0,0xff,0xff,0xff,
  0x0,0xff,0xff,0xff,0x0,0xff,0xff,0xff,0x0,0xff,0xff,0xff,0x0,0xff,0xff,0xff,
  0x0,0xff,0xff,0xff,0x0,0xff,0xff,0xff,0x0,0xff,0xff,0x0,0x0,0xf7,0xef,0x0,
  0x0,0xc3,0xc3,0x0,0x0,0xc1,0x83,0x0,0x0,0x81,0x81,0x0,0x0,0xc3,0xc3,0x0,
  0x0,0xe7,0xe7,0x0,0x0,0xff,0xff,0x0,0x0,0xff,0xff,0x0,0x0,0xe7,0xe7,0x0,
  0x0,0xc3,0xc3,0x0,0x0,0x81,0x81,0x0,0x0,0xc1,0x83,0x0,0x0,0xc3,0xc3,0x0,
  0x0,0xf7,0xef,0x0,0x0,0xff,0xff,0x0,0x0,
    // Figure_1.png
  0x0,0x0,0x5,0x76,
  0x89,
  0x50,0x4e,0x47,0xd,0xa,0x1a,0xa,0x0,0x0,0x0,0xd,0x49,0x48,0x44,0x52,0x0,
  0x0,0x0,0x2f,0x0,0x0,0x0,0x32,0x8,0x6,0x0,0x0,0x0,0xcc,0x6f,0x82,0xe9,
  0x0,0x0,0x0,0x1,0x73,0x52,0x47,0x42,0x0,0xae,0xce,0x1c,0xe9,0x0,0x0,0x0,
  0x4,0x67,0x41,0x4d,0x41,0x0,0x0,0xb1,0x8f,0xb,0xfc,0x61,0x5,0x0,0x0,0x0,
  0x9,0x70,0x48,0x59,0x73,0x0,0x0,0x12,0x74,0x0,0x0,0x12,0x74,0x1,0xde,0x66,
  0x1f,0x78,0x0,0x0,0x0,0x39,0x74,0x45,0x58,0x74,0x53,0x6f,0x66,0x74,0x77,0x61,
  0x72,0x65,0x0,0x4d,0x61,0x74,0x70,0x6c,0x6f,0x74,0x6c,0x69,0x62,0x20,0x76,0x65,
  0x72,0x73,0x69,0x6f,0x6e,0x33,0x2e,0x38,0x2e,0x33,0x2c,0x20,0x68,0x74,0x74,0x70,
  0x73,0x3a,0x2f,0x2f,0x6d,0x61,0x74,0x70,0x6c,0x6f,0x74,0x6c,0x69,0x62,0x2e,0x6f,
  0x72,0x67,0x2f,0xc7,0xe6,0x58,0x53,0x0,0x0,0x4,0xc6,0x49,0x44,0x41,0x54,0x68,
  0x43,0xed,0x99,0xaf,0x4f,0x2c,0x31,0x10,0xc7,0x7b,0x47,0x20,0x7,0x82,0x1f,0xe,
  0xc3,0x8f,0x3f,0x1,0x1c,0x12,0x89,0x22,0x48,0x70,0x48,0x24,0x12,0x43,0x40,0x90,
  0x80,0x43,0x22,0x9,0x6,0xb,0x9,0x82,0xa0,0x50,0x4,0x81,0x0,0xc5,0x7f,0x40,
  0x38,0x47,0x80,0x10,0x8,0x24,0xec,0xeb,0xb7,0x74,0x76,0xa7,0x73,0xb3,0xbb,0xdd,
  0xbb,0x77,0xf7,0x5e,0x5e,0xde,0x27,0x19,0xb6,0x9d,0x99,0x76,0x67,0xdb,0xdb,0x69,
  0xbb,0x98,0x44,0x61,0x7c,0x7c,0x3c,0x31,0xc6,0x38,0x59,0x58,0x58,0x48,0xde,0xdf,
  0xdf,0xbd,0xe5,0x7,0xb2,0x41,0xc0,0xfa,0xfa,0x7a,0xa0,0xbb,0xbd,0xbd,0x75,0xfa,
  0xaa,0x3c,0x3e,0x3e,0x26,0x8d,0x46,0x23,0xe8,0x4b,0x93,0xa5,0xa5,0x25,0xe7,0xdf,
  0x12,0x3c,0x3a,0xe0,0x8e,0x32,0x70,0xc0,0xed,0x0,0x3e,0xf3,0xf3,0xf3,0xa9,0x8e,
  0x3a,0xaf,0xa,0x1f,0x4,0xc,0xe0,0xe1,0xe1,0xa1,0xb7,0x24,0x6e,0x40,0xc8,0x6,
  0x71,0x71,0x7a,0x5b,0xa,0xef,0x60,0x66,0x66,0xc6,0x6b,0x43,0x78,0x27,0x84,0xec,
  0xbc,0x9d,0xd1,0xe7,0x33,0x7e,0x72,0x72,0xe2,0xb5,0x19,0xf8,0x15,0x90,0xfd,0xe0,
  0xe0,0x20,0xc,0x5e,0x4e,0x9b,0xd6,0x1,0x20,0x3b,0x84,0x83,0x11,0x27,0x7d,0x3b,
  0xa3,0x9f,0xd7,0x2f,0x81,0x99,0x20,0xbb,0x9b,0x69,0xaf,0x77,0xc4,0x8c,0x3a,0x20,
  0x1f,0x8,0x47,0x9b,0x5a,0x70,0x7e,0x7e,0x9e,0x4c,0x4f,0x4f,0x3b,0xc1,0x88,0xe5,
  0xc1,0xdb,0x6a,0x3c,0x3d,0x3d,0x85,0xef,0x84,0xd7,0x3b,0xca,0xa6,0x8d,0x48,0x1b,
  0x5b,0x91,0xc8,0xa9,0x5,0xbc,0x5f,0xc8,0xee,0xee,0xae,0xd3,0x4b,0xb8,0x4f,0x1e,
  0x6b,0x6b,0x6b,0x99,0x9f,0xd7,0x25,0x97,0x97,0x97,0xa9,0x12,0x23,0x54,0x44,0xda,
  0xd8,0x8a,0x44,0x4e,0x2d,0xe0,0xfe,0x10,0x8c,0x9e,0x6,0xf7,0xc9,0x3,0xc9,0x21,
  0x1d,0x20,0xaf,0x4b,0x56,0x57,0x57,0xd3,0x86,0x1b,0x1b,0x1b,0x5e,0xab,0x43,0x7e,
  0x10,0x89,0x9c,0x5a,0xc0,0xfd,0xb9,0x5e,0x52,0x66,0x27,0xf0,0x0,0xce,0xf,0x95,
  0xad,0xad,0xad,0xa0,0xe1,0xf5,0xf5,0xb5,0x73,0xca,0x83,0xfb,0x6a,0x50,0x7f,0x69,
  0x3e,0x66,0xfe,0x24,0x1a,0x65,0x76,0x8e,0x1b,0x20,0x97,0x72,0x58,0x23,0x4c,0x49,
  0x19,0xdc,0x3f,0x6,0xee,0x5f,0xd4,0xae,0xcc,0xce,0x41,0x72,0xa9,0xe1,0x65,0x6a,
  0x36,0x9b,0xd6,0xdf,0x18,0x1b,0xb8,0xb1,0x2f,0xaa,0xb1,0x4f,0xe5,0xea,0x79,0xd4,
  0x6a,0x35,0x5f,0x72,0x77,0xf1,0xa5,0x56,0xbe,0xbf,0xbf,0xcd,0xeb,0xeb,0xab,0x19,
  0x1d,0x1d,0xf5,0x9a,0x8c,0xe7,0xe7,0x67,0x5f,0xca,0x18,0x19,0x19,0xf1,0x25,0xdd,
  0xce,0xf9,0xf8,0xf8,0x30,0x88,0x22,0xbd,0xbb,0xfd,0x2d,0x95,0x6,0xe,0x62,0x83,
  0x47,0x0,0x8,0x7e,0x62,0x62,0xc2,0x6b,0x32,0x62,0x82,0xff,0xfa,0xfa,0x72,0xe5,
  0xfe,0xfe,0x7e,0x77,0x95,0x4,0xc1,0x17,0x5,0xc2,0x89,0xd,0xfe,0xe5,0xe5,0xc5,
  0x5d,0x79,0x50,0x84,0xd6,0x4e,0xf6,0x5b,0x16,0x7c,0xdd,0x5f,0xbb,0x4a,0xcc,0x6c,
  0xb6,0x43,0x5b,0xc1,0xf3,0x60,0xee,0xee,0xee,0x7c,0x29,0x1f,0x9b,0x75,0x7c,0xe9,
  0xf7,0x83,0xf9,0x73,0x12,0xcb,0xf2,0xf2,0x72,0xda,0xa6,0x68,0xf,0x63,0x7f,0xb7,
  0x4e,0xe4,0xb6,0x1,0xa2,0x21,0xed,0x9f,0x9f,0x9f,0x4e,0xf2,0xb0,0x7e,0xc5,0x1d,
  0x6a,0x68,0xc1,0xf4,0x4a,0xb0,0xfa,0xd3,0x56,0xd9,0xd6,0x75,0x27,0x8,0x77,0x94,
  0x68,0xfe,0xbd,0x12,0x2c,0x50,0x3e,0x6,0xdd,0x81,0x84,0x1c,0xc1,0xd5,0xd5,0x55,
  0xd2,0xd7,0xd7,0x97,0xdc,0xdf,0xdf,0xab,0xbe,0xbd,0x14,0x60,0xaf,0xba,0x91,0xb,
  0x61,0xf3,0x75,0xb2,0xbf,0xbf,0xef,0xca,0x78,0x28,0xcd,0x97,0xb,0x36,0x66,0xf,
  0xf,0xf,0xe9,0x6f,0x57,0xf3,0x81,0xa0,0xaf,0x9d,0x9d,0x9d,0x40,0x7,0xff,0xb7,
  0xb7,0x37,0x27,0x5a,0x7b,0xd4,0x83,0x3c,0x4f,0x20,0x9b,0x60,0x5,0x23,0x6c,0xac,
  0xee,0x3a,0x30,0x30,0x60,0x8e,0x8e,0x8e,0xcc,0xca,0xca,0x8a,0x99,0x9d,0x9d,0x8d,
  0xca,0x34,0xc7,0xc7,0xc7,0x66,0x68,0x68,0xc8,0x95,0xab,0x64,0x9d,0xd3,0xd3,0x53,
  0x5f,0xca,0xe0,0xed,0xc9,0x1e,0x3c,0x91,0x26,0x4,0x8d,0xbc,0xdc,0xc8,0x41,0xb0,
  0x27,0x92,0xe7,0x5d,0xca,0x36,0x84,0xf4,0xe7,0x75,0x29,0x80,0x46,0x9c,0x90,0x76,
  0x7b,0xd,0x1b,0x69,0x42,0x5b,0xe4,0x8b,0x8b,0x8b,0xa4,0x5e,0xaf,0xb7,0xd8,0xe7,
  0xe6,0xe6,0x9c,0x5d,0x52,0x14,0x3c,0x1e,0x94,0x6f,0xc3,0xa5,0x0,0xa,0x1e,0xdb,
  0x6c,0xf9,0x85,0x2,0xd8,0x6b,0xd8,0x48,0x13,0x8c,0x34,0x76,0x9f,0x76,0x83,0xa5,
  0xda,0xf3,0xe,0x2f,0x45,0xc1,0x13,0x79,0x69,0x17,0xf7,0x3c,0x3b,0x3b,0x4b,0xa6,
  0xa6,0xa6,0x5a,0x6c,0x58,0x67,0x80,0x2d,0x87,0x86,0x58,0x91,0xd3,0xae,0x9d,0x4d,
  0x63,0x82,0x7,0xc1,0xd1,0xae,0x9a,0x64,0x95,0xf4,0x84,0x52,0x20,0xc8,0xc,0x94,
  0xfb,0x65,0xc6,0xc1,0x68,0x71,0x78,0xf0,0xfc,0x78,0x8,0xe1,0x14,0xcd,0x6a,0x89,
  0x64,0x15,0x10,0x93,0x2,0x71,0x6,0xc0,0x8b,0x8b,0x83,0xb4,0x66,0xef,0xa1,0x64,
  0x15,0x50,0x25,0x20,0x8c,0x34,0x66,0xab,0x2c,0x73,0x74,0x2a,0x79,0x1f,0xb0,0xac,
  0x2d,0x73,0x22,0xe4,0xd1,0xb0,0x17,0xc2,0x37,0x7b,0x90,0x98,0xcf,0x87,0xd6,0x96,
  0x35,0x0,0xb1,0x1f,0x3b,0xab,0x8a,0xb6,0xe,0x48,0xb8,0xbf,0xcc,0x42,0xda,0xe8,
  0x5b,0x7d,0xe6,0x0,0x64,0x3e,0xed,0x54,0x26,0x27,0x27,0x73,0x37,0x77,0x12,0xde,
  0xe,0x2c,0x2e,0x2e,0xa6,0x75,0x6d,0xf4,0xad,0x3e,0x6c,0x20,0xbf,0x6e,0x91,0x5e,
  0x22,0x47,0x46,0x66,0x1a,0x20,0x53,0x65,0x19,0xbc,0x3f,0x70,0x73,0x73,0xd3,0xa2,
  0xe3,0x58,0x5d,0x68,0xe4,0x75,0xae,0xd7,0x90,0x2b,0x64,0x51,0xaa,0x8c,0x81,0xf7,
  0x5,0xb0,0xba,0x4a,0x1d,0xc7,0xea,0x42,0x23,0xaf,0x73,0xbd,0x86,0x96,0x69,0xf8,
  0x3,0x54,0xd,0x9e,0xbf,0x6b,0xe8,0xa7,0xab,0xc1,0x3,0xed,0x1,0xe8,0xe5,0xaa,
  0x1a,0xbc,0x7c,0xdf,0x36,0x37,0x37,0x83,0xba,0xc4,0xea,0x42,0x23,0xaf,0x73,0x7d,
  0x11,0x78,0x0,0x2d,0xb5,0x55,0xd,0xbe,0x6c,0xcd,0x90,0x58,0x5d,0x68,0xe4,0x75,
  0x8,0x6d,0x82,0xca,0x90,0x2f,0x30,0x16,0xbb,0xaa,0xc1,0x83,0xa2,0x7,0x90,0xe0,
  0xe0,0x91,0x1a,0xe5,0xea,0x8a,0x7f,0x30,0xa0,0xb3,0x58,0xf8,0xb,0x8c,0x7e,0xdb,
  0x9,0x1e,0xe0,0x9e,0xda,0x5a,0x23,0x31,0x45,0x79,0xbd,0xe8,0x1f,0xc,0x1a,0xb8,
  0x29,0x6f,0xdf,0x6e,0xf0,0x40,0x8b,0x4b,0x52,0xc3,0xd,0xc7,0xc6,0xc6,0x82,0x63,
  0x1f,0x61,0xed,0xbe,0x14,0xf,0xff,0x64,0x67,0x3,0x77,0xd7,0xe1,0xe1,0x61,0x77,
  0xad,0x2,0xe2,0x19,0x1c,0x1c,0xf4,0xb5,0x1f,0x64,0x3c,0x75,0x3b,0x3d,0xc6,0xee,
  0xa7,0x7d,0xf5,0xef,0x1,0x71,0x41,0xa,0xc1,0xf0,0x63,0xf4,0xe5,0xc6,0xc8,0x9b,
  0x2a,0xc3,0xdb,0x77,0xf2,0xb3,0x1,0xfc,0x8b,0x2,0xe,0x2c,0x92,0x20,0x42,0xf9,
  0xf,0x64,0xe,0xf6,0x27,0x76,0xfa,0x9d,0xf,0xa4,0xd9,0x6c,0x7a,0x4b,0x8,0x6f,
  0xdf,0x69,0xf0,0x74,0x86,0xcd,0xa3,0x86,0x3f,0xf6,0x46,0x29,0xb1,0x9f,0xaf,0xf3,
  0xe8,0xb4,0x7d,0x15,0x7a,0xf2,0x89,0xbb,0x5b,0xfc,0xf,0xfe,0x4f,0xf1,0x6f,0x5,
  0xcf,0x73,0xeb,0xf6,0xf6,0xb6,0x2f,0xfd,0x7d,0xec,0xed,0xed,0xb9,0x8c,0x10,0x20,
  0x97,0x65,0xed,0x84,0x54,0x4,0x6f,0xdb,0x2d,0xf0,0x4f,0xee,0x46,0xa3,0x91,0xfc,
  0x2,0xd1,0x90,0xe7,0xb8,0x1c,0x22,0x48,0xa0,0x0,0x0,0x0,0x0,0x49,0x45,0x4e,
  0x44,0xae,0x42,0x60,0x82,
  
};

static const unsigned char qt_resource_name[] = {
  // qt
  0x0,0x2,
  0x0,0x0,0x7,0x84,
  0x0,0x71,
  0x0,0x74,
    // qml
  0x0,0x3,
  0x0,0x0,0x78,0x3c,
  0x0,0x71,
  0x0,0x6d,0x0,0x6c,
    // CTsoftware
  0x0,0xa,
  0x5,0xd2,0xcf,0xc5,
  0x0,0x43,
  0x0,0x54,0x0,0x73,0x0,0x6f,0x0,0x66,0x0,0x74,0x0,0x77,0x0,0x61,0x0,0x72,0x0,0x65,
    // icon.rc
  0x0,0x7,
  0xf,0xa6,0x15,0x43,
  0x0,0x69,
  0x0,0x63,0x0,0x6f,0x0,0x6e,0x0,0x2e,0x0,0x72,0x0,0x63,
    // images
  0x0,0x6,
  0x7,0x3,0x7d,0xc3,
  0x0,0x69,
  0x0,0x6d,0x0,0x61,0x0,0x67,0x0,0x65,0x0,0x73,
    // metacpan.ico
  0x0,0xc,
  0x8,0x38,0x0,0xdf,
  0x0,0x6d,
  0x0,0x65,0x0,0x74,0x0,0x61,0x0,0x63,0x0,0x70,0x0,0x61,0x0,0x6e,0x0,0x2e,0x0,0x69,0x0,0x63,0x0,0x6f,
    // Figure_1.png
  0x0,0xc,
  0x2,0xbf,0x8e,0x47,
  0x0,0x46,
  0x0,0x69,0x0,0x67,0x0,0x75,0x0,0x72,0x0,0x65,0x0,0x5f,0x0,0x31,0x0,0x2e,0x0,0x70,0x0,0x6e,0x0,0x67,
  
};

static const unsigned char qt_resource_struct[] = {
  // :
  0x0,0x0,0x0,0x0,0x0,0x2,0x0,0x0,0x0,0x1,0x0,0x0,0x0,0x1,
0x0,0x0,0x0,0x0,0x0,0x0,0x0,0x0,
  // :/qt
  0x0,0x0,0x0,0x0,0x0,0x2,0x0,0x0,0x0,0x1,0x0,0x0,0x0,0x2,
0x0,0x0,0x0,0x0,0x0,0x0,0x0,0x0,
  // :/qt/qml
  0x0,0x0,0x0,0xa,0x0,0x2,0x0,0x0,0x0,0x1,0x0,0x0,0x0,0x3,
0x0,0x0,0x0,0x0,0x0,0x0,0x0,0x0,
  // :/qt/qml/CTsoftware
  0x0,0x0,0x0,0x16,0x0,0x2,0x0,0x0,0x0,0x2,0x0,0x0,0x0,0x4,
0x0,0x0,0x0,0x0,0x0,0x0,0x0,0x0,
  // :/qt/qml/CTsoftware/images
  0x0,0x0,0x0,0x44,0x0,0x2,0x0,0x0,0x0,0x2,0x0,0x0,0x0,0x6,
0x0,0x0,0x0,0x0,0x0,0x0,0x0,0x0,
  // :/qt/qml/CTsoftware/icon.rc
  0x0,0x0,0x0,0x30,0x0,0x0,0x0,0x0,0x0,0x1,0x0,0x0,0x0,0x0,
0x0,0x0,0x1,0x9e,0x1b,0x78,0xc6,0x9f,
  // :/qt/qml/CTsoftware/images/Figure_1.png
  0x0,0x0,0x0,0x74,0x0,0x0,0x0,0x0,0x0,0x1,0x0,0x0,0x55,0xd4,
0x0,0x0,0x1,0x9d,0xa5,0x99,0xfd,0x29,
  // :/qt/qml/CTsoftware/images/metacpan.ico
  0x0,0x0,0x0,0x56,0x0,0x0,0x0,0x0,0x0,0x1,0x0,0x0,0x2,0x66,
0x0,0x0,0x1,0x89,0xc1,0x54,0x4a,0x10,

};

#ifdef QT_NAMESPACE
#  define QT_RCC_PREPEND_NAMESPACE(name) ::QT_NAMESPACE::name
#  define QT_RCC_MANGLE_NAMESPACE0(x) x
#  define QT_RCC_MANGLE_NAMESPACE1(a, b) a##_##b
#  define QT_RCC_MANGLE_NAMESPACE2(a, b) QT_RCC_MANGLE_NAMESPACE1(a,b)
#  define QT_RCC_MANGLE_NAMESPACE(name) QT_RCC_MANGLE_NAMESPACE2( \
        QT_RCC_MANGLE_NAMESPACE0(name), QT_RCC_MANGLE_NAMESPACE0(QT_NAMESPACE))
#else
#   define QT_RCC_PREPEND_NAMESPACE(name) name
#   define QT_RCC_MANGLE_NAMESPACE(name) name
#endif

#if defined(QT_INLINE_NAMESPACE)
inline namespace QT_NAMESPACE {
#elif defined(QT_NAMESPACE)
namespace QT_NAMESPACE {
#endif

bool qRegisterResourceData(int, const unsigned char *, const unsigned char *, const unsigned char *);
bool qUnregisterResourceData(int, const unsigned char *, const unsigned char *, const unsigned char *);

#ifdef QT_NAMESPACE
}
#endif

int QT_RCC_MANGLE_NAMESPACE(qInitResources_CTsoftware_raw_res_0)();
int QT_RCC_MANGLE_NAMESPACE(qInitResources_CTsoftware_raw_res_0)()
{
    int version = 3;
    QT_RCC_PREPEND_NAMESPACE(qRegisterResourceData)
        (version, qt_resource_struct, qt_resource_name, qt_resource_data);
    return 1;
}

int QT_RCC_MANGLE_NAMESPACE(qCleanupResources_CTsoftware_raw_res_0)();
int QT_RCC_MANGLE_NAMESPACE(qCleanupResources_CTsoftware_raw_res_0)()
{
    int version = 3;
    QT_RCC_PREPEND_NAMESPACE(qUnregisterResourceData)
       (version, qt_resource_struct, qt_resource_name, qt_resource_data);
    return 1;
}

#ifdef __clang__
#   pragma clang diagnostic push
#   pragma clang diagnostic ignored "-Wexit-time-destructors"
#endif

namespace {
   struct initializer {
       initializer() { QT_RCC_MANGLE_NAMESPACE(qInitResources_CTsoftware_raw_res_0)(); }
       ~initializer() { QT_RCC_MANGLE_NAMESPACE(qCleanupResources_CTsoftware_raw_res_0)(); }
   } dummy;
}

#ifdef __clang__
#   pragma clang diagnostic pop
#endif
